"date","close","volume","open","high","low"
"15:05","28.70","33,919,346","28.28","29.50","27.75"
"2018/06/20","26.1800","12831300.0000","26.2200","26.3900","25.8350"
"2018/06/19","25.9900","10292060.0000","25.7900","26.1300","25.4925"
"2018/06/18","26.0100","8484052.0000","25.6900","26.2800","25.6500"
"2018/06/15","25.8800","15317150.0000","25.8900","26.1385","25.7800"
"2018/06/14","26.1600","9914965.0000","26.2800","26.4800","26.1600"
"2018/06/13","26.0100","14093100.0000","25.7800","26.3100","25.6100"
"2018/06/12","25.6900","13985850.0000","25.6300","25.8800","25.5000"
"2018/06/11","25.5400","16017400.0000","25.4800","25.9900","25.4500"
"2018/06/08","25.3600","9620876.0000","24.9200","25.4950","24.8500"
"2018/06/07","24.9800","11062840.0000","24.6700","25.1700","24.6700"
"2018/06/06","24.6800","10379660.0000","24.9200","24.9500","24.6200"
"2018/06/05","24.9100","11806430.0000","24.8200","25.1300","24.7800"
"2018/06/04","24.7500","12916110.0000","24.5000","24.8400","24.4450"
"2018/06/01","24.4200","8364210.0000","24.3300","24.5350","24.2400"
"2018/05/31","24.3300","17198780.0000","24.9800","25.1200","24.3200"
"2018/05/30","24.9800","17992900.0000","24.5600","25.0600","24.3700"
"2018/05/29","24.5000","9552198.0000","24.5200","24.6100","24.3500"
"2018/05/25","24.6100","23186820.0000","24.4700","24.8750","24.3400"
"2018/05/24","24.5600","11076960.0000","24.5800","24.6700","24.2500"
"2018/05/23","24.5700","11640970.0000","24.6000","24.7100","24.3500"
"2018/05/22","24.7000","15211980.0000","24.8200","25.0400","24.6900"
"2018/05/21","24.7700","14441410.0000","25.0700","25.0800","24.6500"
"2018/05/18","24.8900","18087600.0000","25.2900","25.3900","24.6700"
"2018/05/17","25.3000","16017720.0000","25.6900","26.3700","25.1800"
"2018/05/16","24.9400","8539773.0000","24.8300","25.0600","24.7000"
"2018/05/15","24.7500","7364171.0000","24.6900","24.8100","24.6150"
"2018/05/14","24.7300","6637979.0000","24.7500","24.7600","24.4700"
"2018/05/11","24.5700","4479668.0000","24.3000","24.7550","24.2900"
"2018/05/10","24.3600","4833810.0000","24.5000","24.8000","24.3500"
"2018/05/09","24.3600","5715240.0000","24.0500","24.4900","23.9600"
"2018/05/08","24.0900","6893301.0000","24.0600","24.2550","23.8800"
"2018/05/07","23.9800","9364077.0000","24.1700","24.4864","23.8850"
"2018/05/04","24.1400","6291845.0000","23.8000","24.3899","23.7610"
"2018/05/03","23.8700","12001150.0000","24.4500","24.4500","23.7200"
"2018/05/02","24.5500","10819180.0000","24.3100","24.8000","23.6100"
"2018/05/01","24.7600","10722560.0000","25.0600","25.3200","24.3000"
"2018/04/30","25.1900","12105220.0000","25.6800","26.0353","25.1300"
"2018/04/27","25.5200","7951326.0000","25.5100","25.7600","25.4600"
"2018/04/26","25.6300","9688671.0000","25.6400","25.8400","25.4400"
"2018/04/25","25.6300","8536453.0000","25.2500","25.7200","25.1800"
"2018/04/24","25.3800","13809930.0000","24.8200","25.6100","24.8200"
"2018/04/23","24.7900","11512720.0000","24.2600","24.8700","24.0300"
"2018/04/20","24.1200","16220940.0000","24.5900","25.4200","23.9900"
"2018/04/19","24.1800","7828901.0000","24.3500","24.5350","24.1200"
"2018/04/18","24.5800","8430288.0000","24.5900","25.0650","24.5200"
"2018/04/17","24.2300","5438647.0000","24.2900","24.4700","24.1750"
"2018/04/16","24.1700","5972964.0000","23.9300","24.4200","23.8335"
"2018/04/13","23.7300","5331343.0000","23.7500","23.8600","23.4800"
"2018/04/12","23.6000","7758387.0000","23.5600","23.8300","23.4650"
"2018/04/11","23.4800","8517393.0000","23.3500","23.7400","23.2448"
"2018/04/10","23.4600","8643447.0000","23.6000","23.7200","23.3700"
"2018/04/09","23.5400","8041392.0000","23.8300","23.8950","23.5400"
"2018/04/06","23.7700","8747024.0000","23.6700","24.1300","23.6600"
"2018/04/05","23.8100","7062064.0000","24.1700","24.2600","23.7600"
"2018/04/04","24.0800","8731276.0000","23.2200","24.2250","23.1500"
"2018/04/03","23.5900","7053626.0000","23.3900","23.7900","23.2600"
"2018/04/02","23.2800","8208067.0000","23.9200","23.9500","23.1450"
"2018/03/29","23.9400","6646287.0000","23.7900","24.0350","23.7300"
"2018/03/28","23.6200","8650396.0000","23.4700","24.0500","23.4700"
"2018/03/27","23.4700","6866442.0000","23.9500","24.1350","23.4250"
"2018/03/26","23.8700","8624149.0000","23.4800","23.9100","23.2600"
"2018/03/23","23.2800","17844090.0000","24.2700","24.3100","23.2441"
"2018/03/22","23.3900","11610310.0000","23.3000","23.5350","23.0500"
"2018/03/21","23.4500","6083262.0000","23.3800","23.8000","23.3700"
"2018/03/20","23.4100","6614114.0000","23.3000","23.5200","23.1400"
"2018/03/19","23.1600","10447820.0000","23.5800","23.9800","23.1100"
"2018/03/16","23.6900","13575570.0000","23.6800","23.9400","23.4500"
"2018/03/15","23.6300","8444181.0000","23.6100","23.9600","23.5100"
"2018/03/14","23.4400","13763470.0000","23.9900","23.9900","23.4100"
"2018/03/13","24.0100","10956190.0000","24.0300","24.3900","23.9200"
"2018/03/12","23.9900","18463610.0000","23.7800","24.1600","23.4000"
"2018/03/09","24.0800","22779460.0000","23.1000","24.1000","22.8800"
"2018/03/08","22.9800","61582070.0000","24.5000","24.8200","22.8500"
"2018/03/07","26.2300","22104950.0000","27.6700","27.6899","26.0200"
"2018/03/06","28.0100","8667130.0000","27.8800","28.2900","27.7900"
"2018/03/05","27.9900","9746409.0000","27.2900","28.0100","27.2700"
"2018/03/02","27.3500","8603899.0000","27.2400","27.6210","26.9600"
"2018/03/01","27.4600","8547983.0000","27.2900","27.8500","27.1000"
"2018/02/28","27.1200","8333170.0000","27.4900","27.6200","27.1200"
"2018/02/27","27.2700","6757381.0000","27.9000","28.1000","27.2700"
"2018/02/26","27.8500","7044153.0000","27.5000","28.0200","27.4000"
"2018/02/23","27.4200","5760275.0000","27.3600","27.5300","27.1800"
"2018/02/22","27.2200","10635010.0000","27.6400","27.6600","26.9100"
"2018/02/21","27.4100","9844406.0000","27.6700","28.0250","27.2800"
"2018/02/20","27.4900","12437690.0000","27.8100","28.0950","27.2200"
"2018/02/16","28.6900","5985653.0000","28.6400","29.0750","28.5700"
"2018/02/15","28.7900","6133393.0000","28.6200","28.9300","28.3250"
"2018/02/14","28.4000","8714921.0000","27.8500","28.6700","27.7700"
"2018/02/13","28.1200","7825055.0000","27.1700","28.2100","27.1400"
"2018/02/12","27.2000","10821520.0000","27.8700","27.8800","27.0200"
"2018/02/09","27.6600","10267120.0000","27.8200","28.0400","26.6300"
"2018/02/08","27.5700","12076700.0000","28.8000","28.9000","27.5200"
"2018/02/07","28.9000","6717790.0000","29.0500","29.4600","28.8350"
"2018/02/06","29.0700","11767390.0000","27.9200","29.2200","27.1800"
"2018/02/05","28.4700","14249770.0000","28.9800","29.5400","28.2500"
"2018/02/02","29.3400","7693232.0000","30.0100","30.1250","29.3100"
"2018/02/01","30.2100","5463704.0000","30.2100","30.7000","30.0750"
"2018/01/31","30.3600","11497090.0000","30.8400","31.0900","30.2100"
"2018/01/30","30.8300","11287430.0000","31.0000","31.4536","30.7300"
"2018/01/29","31.3400","13223630.0000","30.6400","31.4050","30.5400"
"2018/01/26","30.8800","11664150.0000","30.2600","30.8851","30.0500"
"2018/01/25","30.2600","16522200.0000","30.3500","30.4600","29.7100"
"2018/01/24","29.4800","13065220.0000","29.4500","29.8700","29.1450"
"2018/01/23","29.3100","10563790.0000","29.6200","29.6300","29.0150"
"2018/01/22","29.6300","9210783.0000","29.6500","29.7228","29.1600"
"2018/01/19","29.7200","9469736.0000","29.1600","29.8200","28.9200"
"2018/01/18","29.0600","10528620.0000","28.7600","29.3600","28.7000"
"2018/01/17","28.6700","7566812.0000","28.4200","28.9000","28.3600"
"2018/01/16","28.2500","7945136.0000","28.3500","28.4700","28.0000"
"2018/01/12","28.1400","10080920.0000","28.1500","28.7701","28.0100"
"2018/01/11","28.0800","9371942.0000","28.0000","28.1100","27.5600"
"2018/01/10","27.9900","7564548.0000","27.4500","28.0500","26.8800"
"2018/01/09","27.7700","8186161.0000","28.0000","28.1600","27.7600"
"2018/01/08","27.9700","12226260.0000","27.3800","28.1200","27.3200"
"2018/01/05","27.3200","9629101.0000","27.2900","27.5700","26.8900"
"2018/01/04","26.9800","12357310.0000","28.0200","28.0600","26.5400"
"2018/01/03","27.8500","10788050.0000","28.1900","28.4690","27.6900"
"2018/01/02","28.3000","11689850.0000","27.5400","28.3100","27.5200"
"2017/12/29","27.4500","5023438.0000","27.7000","27.7850","27.4500"
"2017/12/28","27.6500","4380319.0000","27.7300","27.8100","27.4400"
"2017/12/27","27.7100","4913811.0000","27.7700","27.9500","27.6900"
"2017/12/26","27.8000","8677424.0000","28.2600","28.4900","27.5900"
"2017/12/22","28.2500","10931750.0000","27.6600","28.2800","27.6200"
"2017/12/21","27.5500","8565410.0000","27.3500","27.7000","27.1400"
"2017/12/20","27.3200","13342190.0000","27.1700","27.4150","27.0050"
"2017/12/19","26.9500","8427132.0000","27.0500","27.1200","26.8300"
"2017/12/18","27.0000","11988840.0000","26.5600","27.0850","26.5100"
"2017/12/15","26.4500","12908040.0000","25.9200","26.5200","25.9100"
"2017/12/14","25.9000","12213280.0000","26.7000","26.8000","25.8900"
"2017/12/13","26.6900","10837200.0000","26.3600","26.8900","26.0400"
"2017/12/12","26.3300","7762686.0000","26.7700","26.9650","26.2834"
"2017/12/11","26.5800","6914764.0000","26.8000","26.9600","26.3500"
"2017/12/08","26.6800","6170607.0000","26.5300","26.8034","26.4800"
"2017/12/07","26.5300","6903044.0000","26.4600","26.6800","26.3700"
"2017/12/06","26.4100","8173934.0000","26.2700","26.5600","26.2300"
"2017/12/05","26.2200","11321470.0000","26.9100","27.0000","26.1200"
"2017/12/04","26.8800","18119000.0000","26.0000","26.9850","25.9900"
"2017/12/01","25.6700","20546340.0000","25.6200","25.9600","25.2000"
"2017/11/30","25.8600","64059250.0000","27.3200","27.7000","25.5300"
"2017/11/29","24.3800","20928330.0000","23.6500","24.4000","23.6200"
"2017/11/28","23.5600","9374205.0000","23.2000","23.6100","23.0400"
"2017/11/27","23.1800","9671403.0000","23.0000","23.3300","22.9500"
"2017/11/24","22.9800","3379880.0000","23.2500","23.4300","22.9450"
"2017/11/22","23.1400","9755628.0000","22.8700","23.2700","22.8210"
"2017/11/21","22.7800","9353919.0000","23.2400","23.3100","22.7000"
"2017/11/20","23.2000","16451970.0000","23.0800","23.5200","22.9200"
"2017/11/17","23.4100","19619960.0000","22.3300","23.4700","22.2700"
"2017/11/16","22.2800","15694490.0000","21.8100","22.4400","21.7500"
"2017/11/15","21.6100","11551320.0000","21.4900","22.2000","21.2500"
"2017/11/14","22.0200","10357670.0000","22.0000","22.0700","21.5300"
"2017/11/13","22.1400","8039961.0000","22.0000","22.2500","21.9800"
"2017/11/10","22.0800","8590795.0000","21.9800","22.3900","21.9500"
"2017/11/09","21.9500","10807650.0000","21.8100","22.0950","21.7700"
"2017/11/08","21.8500","8868970.0000","21.3100","21.8900","21.2700"
"2017/11/07","21.3100","8983800.0000","21.4000","21.4400","21.1500"
"2017/11/06","21.3300","10995740.0000","21.7000","21.7600","21.3100"
"2017/11/03","21.5000","11221250.0000","21.3000","21.7800","21.2200"
"2017/11/02","21.1800","13979190.0000","21.3100","21.3600","20.7350"
"2017/11/01","20.9000","9975186.0000","20.7600","21.2900","20.7600"
"2017/10/31","20.7000","9002351.0000","20.7000","20.8100","20.5600"
"2017/10/30","20.6400","7201930.0000","20.4100","20.7700","20.4100"
"2017/10/27","20.5700","13210350.0000","20.6000","20.7150","20.3600"
"2017/10/26","20.8200","8776443.0000","21.2500","21.3500","20.6350"
"2017/10/25","21.1300","13845120.0000","21.4600","21.5500","21.0400"
"2017/10/24","21.4700","16411010.0000","21.3400","21.5700","21.3200"
"2017/10/23","21.3500","17999070.0000","21.0400","21.6100","20.9600"
"2017/10/20","21.0200","13279330.0000","20.9600","21.0500","20.7150"
"2017/10/19","20.8900","10713550.0000","20.6300","20.9600","20.5900"
"2017/10/18","20.6700","11931270.0000","20.5300","20.7600","20.4500"
"2017/10/17","20.4800","16758590.0000","20.4100","20.6700","20.2500"
"2017/10/16","20.4400","21366750.0000","21.2900","21.3000","20.3900"
"2017/10/13","21.3000","16914650.0000","21.1600","21.5600","20.8300"
"2017/10/12","21.0000","20248720.0000","20.7700","21.3600","20.5300"
"2017/10/11","20.7800","43488970.0000","21.5000","22.0300","20.7350"
"2017/10/10","20.5300","20709290.0000","20.3600","20.6800","19.9900"
"2017/10/09","20.2900","16946970.0000","20.7500","20.8200","20.2100"
"2017/10/06","20.6300","21013840.0000","20.5100","20.7500","20.3900"
"2017/10/05","20.7000","18817520.0000","20.4800","20.9550","20.4800"
"2017/10/04","20.5300","16903300.0000","20.5600","20.7700","20.4300"
"2017/10/03","20.5600","25517190.0000","20.0200","20.7300","20.0000"
"2017/10/02","19.9600","18782040.0000","20.0400","20.2300","19.6900"
"2017/09/29","20.0600","12150740.0000","20.3300","20.4100","20.0400"
"2017/09/28","20.2600","12922490.0000","20.1900","20.5200","20.1500"
"2017/09/27","20.2300","12456320.0000","20.3600","20.5700","20.1300"
"2017/09/26","20.1900","22762150.0000","19.9500","20.3600","19.9500"
"2017/09/25","19.9400","16842990.0000","20.0500","20.2400","19.8850"
"2017/09/22","20.1500","14232570.0000","20.2600","20.4400","20.0400"
"2017/09/21","20.2200","20266400.0000","20.8300","20.8500","20.2200"
"2017/09/20","20.8000","13240870.0000","21.0800","21.1425","20.7500"
"2017/09/19","21.1300","9670850.0000","21.4900","21.5900","21.0800"
"2017/09/18","21.4400","8369588.0000","21.5200","21.6750","21.3350"
"2017/09/15","21.5700","15140990.0000","21.2800","21.6100","21.2400"
"2017/09/14","21.2600","11899760.0000","21.7500","21.8700","21.1600"
"2017/09/13","21.7300","12381360.0000","21.6000","22.0800","21.5600"
"2017/09/12","21.5800","18889920.0000","21.6100","21.7900","21.3800"
"2017/09/11","21.3400","21636640.0000","20.9700","21.3500","20.7300"
"2017/09/08","21.0600","62428440.0000","21.3500","21.7900","20.4100"
"2017/09/07","22.7700","21062370.0000","22.5300","22.9300","22.2100"
"2017/09/06","22.5500","14265470.0000","22.4200","22.6100","22.1900"
"2017/09/05","22.4300","11786740.0000","22.2900","22.8000","22.2500"
"2017/09/01","22.4200","13861920.0000","21.9700","22.5400","21.9400"
"2017/08/31","21.8700","15823100.0000","22.1500","22.1900","21.8100"
"2017/08/30","22.2000","10805420.0000","21.8500","22.2000","21.5700"
"2017/08/29","21.8100","8740981.0000","21.7100","21.9300","21.6020"
"2017/08/28","21.7200","16486010.0000","21.3000","21.8900","21.2100"
"2017/08/25","21.7400","31782230.0000","21.3200","22.0600","21.3000"
"2017/08/24","21.1000","39014840.0000","23.0000","23.2500","21.0600"
"2017/08/23","22.9600","6019649.0000","22.9000","23.0900","22.8500"
"2017/08/22","22.9400","6482008.0000","22.6600","23.0700","22.6600"
"2017/08/21","22.6100","7690621.0000","22.8500","22.9700","22.5500"
"2017/08/18","22.8600","7969385.0000","22.7600","23.0800","22.7350"
"2017/08/17","22.8600","15165270.0000","22.8800","23.5100","22.8500"
"2017/08/16","23.0900","8192423.0000","23.3100","23.3450","22.9700"
"2017/08/15","23.1100","8189345.0000","23.5800","23.5800","23.0700"
"2017/08/14","23.5800","7670123.0000","23.5400","23.7100","23.4600"
"2017/08/11","23.4900","10591030.0000","23.2300","24.0190","23.0400"
"2017/08/10","23.5700","7533554.0000","23.8100","23.9000","23.5400"
"2017/08/09","23.9400","5597561.0000","24.0600","24.1000","23.8900"
"2017/08/08","24.1300","9031897.0000","24.2600","24.4500","24.0900"
"2017/08/07","24.3700","7259677.0000","24.1400","24.5400","24.1300"
"2017/08/04","24.1300","7953280.0000","24.1600","24.3200","24.0300"
"2017/08/03","24.0600","12425230.0000","24.5700","24.5800","23.8499"
"2017/08/02","24.6300","8691858.0000","24.5900","24.7000","24.4200"
"2017/08/01","24.6000","9205512.0000","24.5000","24.6400","24.2800"
"2017/07/31","24.5200","11311410.0000","24.3000","24.5590","24.1600"
"2017/07/28","24.2800","10322070.0000","23.9100","24.2800","23.8400"
"2017/07/27","23.9500","8649882.0000","23.7000","24.0800","23.5200"
"2017/07/26","23.7200","10979810.0000","23.8200","24.0300","23.6500"
"2017/07/25","23.6800","9014308.0000","23.3600","23.8100","23.3300"
"2017/07/24","23.2300","6004866.0000","23.2500","23.3301","23.1710"
"2017/07/21","23.2600","7000174.0000","23.2000","23.3000","23.0000"
"2017/07/20","23.2600","8151817.0000","23.0000","23.3884","22.9900"
"2017/07/19","22.9400","8742651.0000","22.6000","22.9600","22.5600"
"2017/07/18","22.5500","9994252.0000","22.8500","22.8700","22.5400"
"2017/07/17","22.8700","10516520.0000","23.0000","23.1600","22.8200"
"2017/07/14","23.0100","7145052.0000","22.9800","23.2000","22.8900"
"2017/07/13","22.9200","9080257.0000","22.9900","23.0100","22.6100"
"2017/07/12","22.8000","8707435.0000","22.7300","22.9400","22.6500"
"2017/07/11","22.6300","10069510.0000","22.6100","22.9200","22.5000"
"2017/07/10","22.6100","13674740.0000","23.1000","23.1500","22.6000"
"2017/07/07","23.1600","9444221.0000","23.1800","23.3400","23.0400"
"2017/07/06","23.1300","13637470.0000","23.2000","23.5700","23.0500"
"2017/07/05","23.2300","14202470.0000","23.6500","23.6800","22.9700"
"2017/07/03","23.5500","5610757.0000","23.4700","23.6000","23.4300"
"2017/06/30","23.3200","10815180.0000","23.3400","23.5100","23.2600"
"2017/06/29","23.2400","15256920.0000","23.4800","23.5500","22.9100"
"2017/06/28","23.3500","15714050.0000","22.8300","23.5000","22.8300"
"2017/06/27","22.7700","23218260.0000","22.7000","23.1700","22.5400"
"2017/06/26","22.6100","12219430.0000","22.6800","22.7400","22.4900"
"2017/06/23","22.6000","23359650.0000","22.7200","22.7700","22.4300"
"2017/06/22","22.5600","22728530.0000","22.3300","22.5800","22.0200"
"2017/06/21","22.3700","27634010.0000","22.4000","22.6500","21.8700"
"2017/06/20","22.3800","21055470.0000","22.6500","22.6800","22.2600"
"2017/06/19","22.6400","40143130.0000","22.9700","22.9700","22.2000"
"2017/06/16","22.2900","106226600.0000","21.1900","22.3500","20.4600"
"2017/06/15","24.5600","76315160.0000","26.6600","27.2200","24.3700"
"2017/06/14","30.2800","10857380.0000","30.4900","30.5400","29.7700"
"2017/06/13","30.3200","11066590.0000","30.1500","30.3300","29.5900"
"2017/06/12","30.0300","12594840.0000","30.6500","30.7800","29.7950"
"2017/06/09","30.7800","11195190.0000","30.3000","30.9300","30.2300"
"2017/06/08","30.2000","8142374.0000","29.7900","30.5700","29.7900"
"2017/06/07","29.7100","6163160.0000","29.7800","29.8800","29.7000"
"2017/06/06","29.8100","5779662.0000","30.1000","30.1000","29.7200"
"2017/06/05","30.0900","6928846.0000","30.0200","30.1700","29.6800"
"2017/06/02","30.1300","7284227.0000","30.3500","30.6500","29.9950"
"2017/06/01","30.2500","11622110.0000","29.7700","30.3600","29.7000"
"2017/05/31","29.7800","9169806.0000","29.7200","29.9400","29.5500"
"2017/05/30","29.7600","7837246.0000","29.3900","29.8150","29.3300"
"2017/05/26","29.4500","6251185.0000","29.3500","29.4600","29.2500"
"2017/05/25","29.2400","7262070.0000","29.2100","29.3400","29.0650"
"2017/05/24","29.1300","7889332.0000","29.1000","29.1800","28.8600"
"2017/05/23","29.1200","6560249.0000","29.2300","29.2800","29.0300"
"2017/05/22","29.2800","6073146.0000","29.2000","29.4000","29.1000"
"2017/05/19","29.2300","8285680.0000","29.1400","29.2400","29.0100"
"2017/05/18","29.0900","11431010.0000","28.8900","29.2100","28.8900"
"2017/05/17","28.6000","8321977.0000","28.7700","28.8800","28.5400"
"2017/05/16","28.8200","7574429.0000","29.1500","29.2000","28.8000"
"2017/05/15","29.1400","9019048.0000","29.5200","29.5800","29.0000"
"2017/05/12","29.5200","10395620.0000","30.2100","30.2700","29.4550"
"2017/05/11","30.4300","14011380.0000","30.0100","30.6400","30.0100"
"2017/05/10","30.0400","11998410.0000","29.0700","30.0750","29.0400"
"2017/05/09","29.0500","9652504.0000","28.9700","29.2500","28.9600"
"2017/05/08","28.9200","8985763.0000","29.4100","29.4600","28.8500"
"2017/05/05","29.3500","7539970.0000","29.2200","29.4600","29.1550"
"2017/05/04","29.2200","6647194.0000","29.4400","29.6900","29.1200"
"2017/05/03","29.4000","11096370.0000","28.8700","29.5500","28.8700"
"2017/05/02","28.8200","14012680.0000","28.6000","28.9900","28.5500"
"2017/05/01","29.0200","9836184.0000","29.6600","29.8000","29.0100"
"2017/04/28","29.6500","8668453.0000","30.1700","30.1700","29.4900"
"2017/04/27","30.1500","6272711.0000","29.9500","30.3300","29.8950"
"2017/04/26","29.8600","6331488.0000","30.0000","30.1000","29.8100"
"2017/04/25","29.8400","6175385.0000","30.0000","30.2000","29.6650"
"2017/04/24","30.1400","7059789.0000","30.0900","30.2200","29.9200"
"2017/04/21","29.9500","9179543.0000","29.6400","30.1400","29.5800"
"2017/04/20","29.7100","9170940.0000","30.0000","30.1000","29.6750"
"2017/04/19","29.9500","5807828.0000","29.8800","30.1000","29.8700"
"2017/04/18","29.8200","5886197.0000","29.9800","30.0800","29.7100"
"2017/04/17","30.0000","5659602.0000","29.9900","30.1600","29.8753"
"2017/04/13","29.9700","8037007.0000","30.0500","30.3800","29.9700"
"2017/04/12","29.8600","6412322.0000","29.5200","29.9500","29.4900"
"2017/04/11","29.5700","10006260.0000","30.2400","30.2400","29.5200"
"2017/04/10","30.1900","10432290.0000","29.9000","30.4000","29.8200"
"2017/04/07","29.8600","7552528.0000","29.3800","30.0100","29.2800"
"2017/04/06","29.5100","8685176.0000","29.4500","29.8600","29.4000"
"2017/04/05","29.3100","7529065.0000","29.6900","29.7600","29.3100"
"2017/04/04","29.6900","10489630.0000","29.3000","29.7400","29.2800"
"2017/04/03","29.4000","8016453.0000","29.4600","29.4819","29.2150"
"2017/03/31","29.4900","11372170.0000","29.3300","29.7500","29.3000"
"2017/03/30","29.2000","5862407.0000","29.3200","29.3400","29.0800"
"2017/03/29","29.3400","5299134.0000","29.0200","29.4100","29.0100"
"2017/03/28","29.0400","5636528.0000","28.9700","29.1700","28.8500"
"2017/03/27","28.9300","6655398.0000","29.0000","29.2301","28.8100"
"2017/03/24","29.1000","8185013.0000","29.2500","29.2600","28.9400"
"2017/03/23","29.2600","10844720.0000","29.3400","29.6400","29.0800"
"2017/03/22","28.9600","6728558.0000","29.0000","29.2000","28.7800"
"2017/03/21","28.9300","7875195.0000","29.2200","29.4400","28.8850"
"2017/03/20","29.1900","8659874.0000","29.6000","29.8800","29.1200"
"2017/03/17","29.5500","22193750.0000","29.5300","29.6400","29.2550"
"2017/03/16","29.3200","12648820.0000","28.8800","29.4200","28.8800"
"2017/03/15","28.8400","9013115.0000","28.8300","29.0800","28.5800"
"2017/03/14","28.7000","8265951.0000","28.6100","28.7900","28.2900"
"2017/03/13","28.6900","9082800.0000","28.8300","29.0800","28.5300"
"2017/03/10","28.8200","8474726.0000","28.9800","29.0764","28.7100"
"2017/03/09","28.8300","10445260.0000","29.0100","29.4550","28.7650"
"2017/03/08","29.0000","11804410.0000","28.8500","29.1500","28.8200"
"2017/03/07","28.8100","12979600.0000","29.1000","29.2500","28.7300"
"2017/03/06","29.3700","9250855.0000","29.6200","29.8200","29.3400"
"2017/03/03","29.6300","18796430.0000","30.6800","30.7500","29.4300"
"2017/03/02","30.6700","22551790.0000","30.6000","31.3800","30.2600"
"2017/03/01","32.0600","13135030.0000","31.9300","32.4800","31.6800"
"2017/02/28","31.8000","12856800.0000","32.0800","32.1600","31.5800"
"2017/02/27","32.2200","12147480.0000","32.8400","32.9000","32.0300"
"2017/02/24","33.2900","6847949.0000","32.8200","33.2900","32.8100"
"2017/02/23","32.9900","7779448.0000","33.3900","33.3900","32.6500"
"2017/02/22","33.2300","8827702.0000","34.0500","34.0500","32.9150"
"2017/02/21","34.2200","5313732.0000","34.1000","34.7500","34.0600"
"2017/02/17","34.0100","7384933.0000","33.9000","34.5400","33.7700"
"2017/02/16","33.9400","7731097.0000","33.6500","34.2700","33.6100"
"2017/02/15","33.5100","7743643.0000","33.2000","33.6000","33.0500"
"2017/02/14","33.0700","13931250.0000","33.1800","33.3400","32.6700"
"2017/02/13","33.2100","5447145.0000","33.4400","33.6700","33.1500"
"2017/02/10","33.4800","5974192.0000","33.5000","33.6700","33.1750"
"2017/02/09","33.4900","9795275.0000","32.6100","33.7150","32.4700"
"2017/02/08","32.8400","9266002.0000","33.0600","33.1200","32.4400"
"2017/02/07","33.0800","7938853.0000","33.6500","33.7399","33.0650"
"2017/02/06","33.6900","4320015.0000","33.9600","34.0900","33.6400"
"2017/02/03","34.0200","3943949.0000","34.0400","34.3200","33.9600"
"2017/02/02","34.1000","6391814.0000","33.7100","34.1600","33.7100"
"2017/02/01","33.4400","5005824.0000","33.8100","33.9000","33.2800"
"2017/01/31","33.9600","5847437.0000","33.6200","33.9700","33.4200"
"2017/01/30","33.6000","4089328.0000","33.2400","33.6200","33.1000"
"2017/01/27","33.3600","5338664.0000","33.7400","33.7400","32.9850"
"2017/01/26","33.7400","5532329.0000","33.6200","34.0300","33.5700"
"2017/01/25","33.4700","6393923.0000","33.5700","33.9400","33.2200"
"2017/01/24","33.3900","6923665.0000","33.4500","33.6400","33.2900"
"2017/01/23","33.5300","5209368.0000","34.0800","34.1400","33.4500"
"2017/01/20","34.0900","6830968.0000","34.4300","34.6000","34.0200"
"2017/01/19","34.2600","6844839.0000","34.7400","34.9900","34.2600"
"2017/01/18","34.9100","5396278.0000","34.8900","34.9900","34.3400"
"2017/01/17","34.8400","7246690.0000","34.1000","34.9400","34.0000"
"2017/01/13","34.1000","6886878.0000","33.7300","34.4300","33.6000"
"2017/01/12","33.5200","6170483.0000","33.0000","33.6350","32.9275"
"2017/01/11","33.0700","4616017.0000","32.9500","33.2800","32.9000"
"2017/01/10","33.1900","7138541.0000","32.8400","33.4500","32.8200"
"2017/01/09","32.9200","5922318.0000","33.1700","33.1900","32.8000"
"2017/01/06","33.1100","9289617.0000","33.1200","33.1800","32.7200"
"2017/01/05","33.2100","9937850.0000","33.1400","33.2600","32.6900"
"2017/01/04","33.2400","9158528.0000","33.7800","33.8400","33.2200"
"2017/01/03","33.7200","9555526.0000","34.5000","34.5100","33.4200"
"2016/12/30","34.5100","3896021.0000","34.6300","34.8300","34.4100"
"2016/12/29","34.5900","3358911.0000","34.6700","34.8750","34.5400"
"2016/12/28","34.6800","4911858.0000","35.1600","35.2400","34.4800"
"2016/12/27","35.1700","3434484.0000","34.9700","35.2700","34.8700"
"2016/12/23","35.0800","3398876.0000","35.0600","35.4200","34.9600"
"2016/12/22","34.9800","6358971.0000","35.1500","35.4600","34.7500"
"2016/12/21","35.2100","6085993.0000","35.4000","35.5750","35.2100"
"2016/12/20","35.4900","7672141.0000","35.8800","35.9800","35.4800"
"2016/12/19","35.8800","8985727.0000","36.0300","36.4400","35.7800"
"2016/12/16","35.9400","10860830.0000","36.0200","36.0900","35.6550"
"2016/12/15","35.9600","12898450.0000","34.7700","36.0500","34.6000"
"2016/12/14","34.7200","10175170.0000","34.7000","35.3800","34.6000"
"2016/12/13","34.4200","6597612.0000","34.0200","34.5250","33.8400"
"2016/12/12","34.2200","10584890.0000","34.6600","34.8800","34.0950"
"2016/12/09","34.7800","6904086.0000","34.1900","34.8000","33.9900"
"2016/12/08","34.1900","7238623.0000","33.8700","34.3650","33.5000"
"2016/12/07","33.6300","7551182.0000","33.0600","33.7500","32.9650"
"2016/12/06","33.0700","8558498.0000","32.8300","33.0900","32.4700"
"2016/12/05","32.9300","10635580.0000","33.1300","33.2200","32.7000"
"2016/12/02","33.3000","16219310.0000","33.3000","33.8300","32.8700"
"2016/12/01","33.3600","18820680.0000","31.1600","33.4000","31.0900"
"2016/11/30","32.3000","13707000.0000","32.8100","32.8100","31.9500"
"2016/11/29","33.1000","8261666.0000","33.7100","33.7500","33.0650"
"2016/11/28","33.6600","4903367.0000","33.8800","34.1000","33.3700"
"2016/11/25","33.8800","2669717.0000","33.9100","34.1500","33.8000"
"2016/11/23","33.7000","5616864.0000","33.3600","33.8800","33.3300"
"2016/11/22","33.4700","5829073.0000","33.6800","33.7300","33.4100"
"2016/11/21","33.5300","5447840.0000","33.3700","33.8400","33.3400"
"2016/11/18","33.4500","5339860.0000","33.5100","33.8800","33.2300"
"2016/11/17","33.5200","10184940.0000","32.9700","33.5900","32.5900"
"2016/11/16","33.7000","10308210.0000","34.7500","34.7700","33.5900"
"2016/11/15","34.8600","10258680.0000","34.6200","34.9500","34.0400"
"2016/11/14","34.6400","15572790.0000","33.5500","34.9500","33.5500"
"2016/11/11","33.5200","11574840.0000","32.9000","33.5400","32.5700"
"2016/11/10","32.8700","14245230.0000","32.1900","33.4390","32.1300"
"2016/11/09","32.2900","12663210.0000","30.5300","32.4550","30.4400"
"2016/11/08","30.9000","7260197.0000","31.1500","31.2200","30.6000"
"2016/11/07","31.2400","5808174.0000","31.1900","31.4300","30.9900"
"2016/11/04","30.9200","7978712.0000","30.9600","31.5300","30.7400"
"2016/11/03","31.0200","8903413.0000","32.2200","32.2250","30.9300"
"2016/11/02","32.2200","13527920.0000","30.8500","32.4800","30.8300"
"2016/11/01","30.7900","8519991.0000","31.0900","31.1100","30.6900"
"2016/10/31","30.9800","7550659.0000","31.3000","31.5600","30.8300"
"2016/10/28","31.2600","6797331.0000","30.9800","31.4300","30.8950"
"2016/10/27","31.0200","7765393.0000","30.9600","31.2000","30.6800"
"2016/10/26","30.9000","4870377.0000","30.7900","31.1300","30.7500"
"2016/10/25","30.9100","4293150.0000","31.0600","31.0600","30.8600"
"2016/10/24","31.1800","5121967.0000","30.8500","31.2900","30.8400"
"2016/10/21","30.7600","8728986.0000","30.9800","31.0900","30.6500"
"2016/10/20","30.9200","8740366.0000","31.0300","31.1600","30.7850"
"2016/10/19","31.0100","10212130.0000","30.4900","31.0600","30.2600"
"2016/10/18","30.6400","9959116.0000","30.8600","30.9350","30.5000"
"2016/10/17","30.8300","10562920.0000","31.3300","31.3400","30.6900"
"2016/10/14","31.2700","14818890.0000","31.1700","31.5800","31.0100"
"2016/10/13","31.1300","14246330.0000","31.0700","31.1700","30.6000"
"2016/10/12","31.1900","31075680.0000","30.2400","31.4400","29.9700"
"2016/10/11","30.1100","17779250.0000","29.3100","30.2100","29.2400"
"2016/10/10","29.0500","7664523.0000","29.0000","29.3850","28.9450"
"2016/10/07","29.0000","11321410.0000","29.3700","29.5900","29.0000"
"2016/10/06","29.3700","17278890.0000","28.7500","29.6000","28.7100"
"2016/10/05","28.8400","27597920.0000","28.9700","29.1100","28.7600"
"2016/10/04","29.0000","11165070.0000","29.2500","29.3900","28.8800"
"2016/10/03","29.2800","7797797.0000","29.5700","29.6900","29.2500"
"2016/09/30","29.6800","26196300.0000","29.5100","29.9901","29.5100"
"2016/09/29","29.5000","12808060.0000","29.8400","29.8600","29.4850"
"2016/09/28","29.8400","10820070.0000","29.9700","30.1200","29.6800"
"2016/09/27","29.9000","9858268.0000","30.0500","30.1700","29.8400"
"2016/09/26","30.0800","7378461.0000","30.3800","30.4700","30.0600"
"2016/09/23","30.4500","8581923.0000","30.7900","30.8950","30.4400"
"2016/09/22","30.7500","12273160.0000","30.8600","31.0100","30.6700"
"2016/09/21","30.8400","12447060.0000","31.1700","31.2500","30.6200"
"2016/09/20","31.0900","6111594.0000","30.9500","31.3800","30.9300"
"2016/09/19","30.7900","10617240.0000","31.0600","31.2601","30.7500"
"2016/09/16","31.0800","11176410.0000","31.3000","31.3500","30.8350"
"2016/09/15","31.2500","10402710.0000","30.7600","31.2700","30.4600"
"2016/09/14","30.7100","9832978.0000","30.9500","31.1100","30.6600"
"2016/09/13","30.9500","14349840.0000","30.8100","31.1600","30.4500"
"2016/09/12","30.8900","20366240.0000","31.4100","31.5250","30.7000"
"2016/09/09","31.5100","19145500.0000","31.0500","31.9100","31.0500"
"2016/09/08","31.3100","18282210.0000","31.0000","31.7300","30.7000"
"2016/09/07","31.3200","19363970.0000","31.6600","31.7500","31.1000"
"2016/09/06","32.6700","6776431.0000","32.5800","32.7100","32.1650"
"2016/09/02","32.5000","7494119.0000","32.1400","32.8100","32.0050"
"2016/09/01","31.9600","7468273.0000","32.1000","32.1500","31.8100"
"2016/08/31","31.9900","9102722.0000","32.1600","32.2900","31.9100"
"2016/08/30","32.1600","5033508.0000","32.4000","32.5000","32.0900"
"2016/08/29","32.3300","7667318.0000","32.4600","32.7200","32.1700"
"2016/08/26","32.6800","6549122.0000","32.7700","32.9400","32.4600"
"2016/08/25","32.7600","7845448.0000","32.8500","33.0600","32.6700"
"2016/08/24","32.9900","12140400.0000","32.2500","33.2400","32.2100"
"2016/08/23","32.2500","11038770.0000","32.5800","32.9800","32.2500"
"2016/08/22","32.8600","7744619.0000","32.6400","32.8900","32.4500"
"2016/08/19","32.6100","8863765.0000","32.4700","32.8050","32.3500"
"2016/08/18","32.4600","12233020.0000","31.9600","32.6200","31.8670"
"2016/08/17","31.8800","9413290.0000","32.1200","32.2100","31.4500"
"2016/08/16","32.1000","11118560.0000","32.5400","32.5400","32.0600"
"2016/08/15","32.7300","9027405.0000","32.6300","32.9700","32.4600"
"2016/08/12","32.5800","7394568.0000","32.4200","32.6200","32.2300"
"2016/08/11","32.3000","9605462.0000","32.5500","32.8500","32.0200"
"2016/08/10","32.5000","12730150.0000","32.3800","32.6300","32.2650"
"2016/08/09","32.2900","11695150.0000","32.3800","32.8600","32.2600"
"2016/08/08","32.3100","11801350.0000","32.6200","32.7100","32.2700"
"2016/08/05","32.6200","10331870.0000","32.6500","32.9100","32.4200"
"2016/08/04","32.5500","12232140.0000","33.2000","33.2800","32.1100"
"2016/08/03","33.2000","10630120.0000","32.6900","33.5300","32.6400"
"2016/08/02","32.6100","18254190.0000","33.4500","33.8000","32.4900"
"2016/08/01","34.0100","9742238.0000","34.2000","34.3400","33.8800"
"2016/07/29","34.1900","19149510.0000","34.3000","34.4000","33.8050"
"2016/07/28","34.4000","14380730.0000","35.2300","35.2400","34.3800"
"2016/07/27","35.5700","6227604.0000","36.3200","36.3696","35.5400"
"2016/07/26","36.4200","6967102.0000","36.1600","36.4550","35.8050"
"2016/07/25","35.7900","5384378.0000","35.7300","35.7900","35.4200"
"2016/07/22","35.9800","3291768.0000","36.1300","36.2000","35.8000"
"2016/07/21","35.9600","3735672.0000","36.2900","36.3200","35.8200"
"2016/07/20","36.4000","4126065.0000","36.3900","36.5500","36.0900"
"2016/07/19","36.2100","4819960.0000","36.3000","36.4500","36.0500"
"2016/07/18","36.3400","8563976.0000","36.6900","36.8500","36.3000"
"2016/07/15","36.7100","7753197.0000","37.0500","37.2600","36.4400"
"2016/07/14","37.3000","6840308.0000","37.4800","37.6200","37.1000"
"2016/07/13","37.4800","5704596.0000","37.3400","37.6400","37.1600"
"2016/07/12","37.3900","4572984.0000","37.5600","37.5700","36.9800"
"2016/07/11","37.5400","5870768.0000","37.8700","37.9700","37.4750"
"2016/07/08","37.8600","5792450.0000","37.5600","37.8800","37.4950"
"2016/07/07","37.3200","8280634.0000","37.5100","37.7150","37.1850"
"2016/07/06","37.5800","9419285.0000","37.3100","37.6500","37.2800"
"2016/07/05","37.3300","8543087.0000","36.6000","37.4000","36.5500"
"2016/07/01","36.5500","7120431.0000","36.8900","36.9900","36.5400"
"2016/06/30","36.7900","10255830.0000","36.4500","36.7900","36.0350"
"2016/06/29","36.4500","7587947.0000","36.3500","36.6500","36.2400"
"2016/06/28","36.0500","11941030.0000","36.8100","37.0000","35.8800"
"2016/06/27","36.6200","19494330.0000","34.8800","36.8650","34.7500"
"2016/06/24","35.1400","14689510.0000","34.0000","35.5000","33.9000"
"2016/06/23","34.6700","8559359.0000","34.5400","34.6700","34.3500"
"2016/06/22","34.2200","16951770.0000","34.5000","34.5400","34.0800"
"2016/06/21","34.4700","13322520.0000","34.7500","34.8200","34.2750"
"2016/06/20","34.7100","9017786.0000","35.3000","35.6700","34.7100"
"2016/06/17","35.1800","16577310.0000","35.3700","35.5000","34.5200"
"2016/06/16","35.4700","19029960.0000","36.9800","36.9800","35.3500"
"2016/06/15","35.7100","13494570.0000","35.4800","36.0050","35.1400"
"2016/06/14","35.7600","8839988.0000","35.9600","36.1800","35.4100"
"2016/06/13","36.1400","9024767.0000","36.4500","36.5600","35.9200"
"2016/06/10","36.8100","7768415.0000","36.3800","37.0000","36.1700"
"2016/06/09","36.5800","7082083.0000","36.5000","36.8000","36.3200"
"2016/06/08","36.5200","5173352.0000","36.3100","36.7000","36.1700"
"2016/06/07","36.2900","3577092.0000","36.1100","36.5200","35.9215"
"2016/06/06","36.0200","3684296.0000","36.2200","36.4150","35.9900"
"2016/06/03","36.2500","4697081.0000","36.2000","36.3538","36.0000"
"2016/06/02","36.4400","5361346.0000","36.3000","36.5200","36.0850"
"2016/06/01","36.4200","7869217.0000","35.7900","36.4600","35.6800"
"2016/05/31","35.7600","9952987.0000","35.7200","36.0500","35.6200"
"2016/05/27","35.7100","5271196.0000","35.7300","35.7300","35.3746"
"2016/05/26","35.5900","6631467.0000","34.9900","35.7100","34.9500"
"2016/05/25","34.9400","6992724.0000","35.5500","35.6900","34.8300"
"2016/05/24","35.5200","7772307.0000","34.8200","35.5500","34.7900"
"2016/05/23","34.8000","5939694.0000","34.6500","34.9450","34.6200"
"2016/05/20","34.6200","6173753.0000","34.9500","34.9500","34.4650"
"2016/05/19","34.8300","8330425.0000","34.4900","34.9100","34.3000"
"2016/05/18","34.3700","9784570.0000","34.3000","34.4900","33.6200"
"2016/05/17","34.4600","5442982.0000","34.6400","34.8150","34.3100"
"2016/05/16","34.7600","5932911.0000","34.7900","35.0400","34.4250"
"2016/05/13","34.8600","6262811.0000","34.7200","35.2000","34.6900"
"2016/05/12","34.8900","4971813.0000","34.7700","35.1000","34.5100"
"2016/05/11","34.7100","5618890.0000","34.9800","35.1900","34.7000"
"2016/05/10","35.2400","7818613.0000","35.4400","35.5700","34.9700"
"2016/05/09","35.8400","8408023.0000","34.8000","35.8900","34.5600"
"2016/05/06","34.5500","5042527.0000","34.8900","34.9900","34.2250"
"2016/05/05","34.9200","11364240.0000","34.4800","34.9900","34.2200"
"2016/05/04","35.0000","8047774.0000","35.0300","35.0800","34.1900"
"2016/05/03","35.2000","6469202.0000","35.1800","35.3900","35.0900"
"2016/05/02","35.4300","9011250.0000","35.5200","35.5600","35.1600"
"2016/04/29","35.3900","8253757.0000","35.6700","35.7100","34.7800"
"2016/04/28","35.9200","5911980.0000","36.1300","36.6400","35.8000"
"2016/04/27","36.3100","4874498.0000","36.4800","36.7100","36.1800"
"2016/04/26","36.4000","6246803.0000","36.7400","37.1100","36.2900"
"2016/04/25","36.7700","9599243.0000","35.4500","36.8550","35.3900"
"2016/04/22","35.5800","12971330.0000","36.3600","36.5400","35.1300"
"2016/04/21","36.4700","7718961.0000","36.9500","37.0100","36.3250"
"2016/04/20","36.9500","8870344.0000","36.3700","37.3400","36.2700"
"2016/04/19","36.2300","11313210.0000","36.7800","36.7800","36.1000"
"2016/04/18","36.6800","8881413.0000","36.6100","36.7400","36.2500"
"2016/04/15","36.9100","7510750.0000","37.1700","37.3200","36.7100"
"2016/04/14","37.0700","5994394.0000","37.4900","37.5850","37.0100"
"2016/04/13","37.8600","5483201.0000","37.3900","37.8800","37.3000"
"2016/04/12","37.1600","6000663.0000","37.2000","37.3200","36.8950"
"2016/04/11","37.1700","7050894.0000","38.0000","38.0890","37.1250"
"2016/04/08","37.9900","7832812.0000","38.2000","38.3461","37.9300"
"2016/04/07","38.1700","6941168.0000","38.8600","39.1500","38.0300"
"2016/04/06","39.0800","9143488.0000","38.2200","39.2200","38.2200"
"2016/04/05","38.2200","9840091.0000","37.7000","38.3700","37.5900"
"2016/04/04","38.0300","7242505.0000","38.3200","38.4597","37.9100"
"2016/04/01","38.3200","6622315.0000","37.9400","38.4200","37.9100"
"2016/03/31","38.2500","6888277.0000","38.0800","38.3900","37.9700"
"2016/03/30","38.0900","6974477.0000","38.0500","38.2800","37.8100"
"2016/03/29","38.0300","5780322.0000","37.8100","38.1500","37.7400"
"2016/03/28","38.0600","6759544.0000","37.6400","38.0900","37.5300"
"2016/03/24","37.6500","9526119.0000","37.2000","37.6900","37.1000"
"2016/03/23","37.5900","9194902.0000","37.9200","38.0200","37.3550"
"2016/03/22","37.9500","8055250.0000","38.1800","38.3200","37.6900"
"2016/03/21","38.1300","5979875.0000","38.3800","38.6000","38.0900"
"2016/03/18","38.5600","9889495.0000","38.1400","38.8800","38.0000"
"2016/03/17","38.0900","9684136.0000","38.4500","38.5600","37.9800"
"2016/03/16","38.6100","6226560.0000","37.8700","38.6900","37.8200"
"2016/03/15","38.1400","5596001.0000","38.0100","38.4600","37.6600"
"2016/03/14","38.3900","6314853.0000","38.4300","38.8499","37.9800"
"2016/03/11","38.6400","8845939.0000","37.9000","38.6800","37.8801"
"2016/03/10","37.7300","9143308.0000","37.8100","37.9600","37.2500"
"2016/03/09","37.8100","9266107.0000","37.1000","38.0600","37.0900"
"2016/03/08","37.0200","8962365.0000","36.9300","37.6800","36.8500"
"2016/03/07","37.0500","12432390.0000","36.5900","37.6500","36.5400"
"2016/03/04","36.8400","21041020.0000","37.6200","37.7000","36.4600"
"2016/03/03","37.8000","40657780.0000","37.8100","38.4400","36.8850"
"2016/03/02","40.6500","9587887.0000","40.6800","40.9100","40.4500"
"2016/03/01","40.6200","9002477.0000","40.3600","40.7400","39.9100"
"2016/02/29","39.9100","10802370.0000","39.7000","40.4600","39.6000"
"2016/02/26","39.4500","6367622.0000","39.5500","39.9500","39.2000"
"2016/02/25","39.4600","7634171.0000","38.8800","39.5050","38.7500"
"2016/02/24","38.7000","6925531.0000","38.4400","38.7700","38.1000"
"2016/02/23","38.7800","6021043.0000","38.1200","38.9700","37.9300"
"2016/02/22","38.2700","5549185.0000","38.1000","38.4300","37.8500"
"2016/02/19","37.8200","6890024.0000","37.7900","38.1200","37.4200"
"2016/02/18","38.0600","11529880.0000","39.0000","39.2500","37.7000"
"2016/02/17","39.4200","7748090.0000","38.5000","39.5500","38.4000"
"2016/02/16","38.4900","6806788.0000","38.6400","39.0200","38.1300"
"2016/02/12","38.3300","7525357.0000","37.1400","38.3400","36.9100"
"2016/02/11","36.4300","9589766.0000","36.4200","36.9900","35.7800"
"2016/02/10","36.8500","9110628.0000","36.7400","37.7600","36.6600"
"2016/02/09","36.7300","11550130.0000","36.2600","37.1000","36.2600"
"2016/02/08","36.8200","15707040.0000","37.0800","37.1500","35.4200"
"2016/02/05","37.6300","9773926.0000","39.0000","39.1400","37.4700"
"2016/02/04","38.9600","7303264.0000","39.7200","39.8900","38.8500"
"2016/02/03","40.1800","8518518.0000","40.2900","40.4700","39.5600"
"2016/02/02","40.1500","8112014.0000","39.7500","40.2300","39.5200"
"2016/02/01","40.1100","10922340.0000","38.7400","40.2600","38.6100"
"2016/01/29","38.8100","8222863.0000","38.0000","38.8400","37.8900"
"2016/01/28","37.8200","8502651.0000","37.5400","37.9800","37.2700"
"2016/01/27","37.4600","10231380.0000","36.8900","37.8900","36.8100"
"2016/01/26","36.7800","7347768.0000","36.6600","36.9700","36.5000"
"2016/01/25","36.6700","10857970.0000","37.2600","37.3550","36.5800"
"2016/01/22","37.1200","13224550.0000","37.5500","37.8850","36.8300"
"2016/01/21","37.1500","9590948.0000","37.8700","37.8700","36.9200"
"2016/01/20","37.8500","11293540.0000","37.6800","38.0800","36.4400"
"2016/01/19","38.1900","6798536.0000","38.6500","38.8300","37.7900"
"2016/01/15","38.4900","9011424.0000","38.1700","38.8100","38.0600"
"2016/01/14","39.0300","10458080.0000","39.5800","39.6200","38.2400"
"2016/01/13","39.2000","13203320.0000","41.2100","41.3400","39.1400"
"2016/01/12","41.2400","7319544.0000","41.5300","41.6900","40.6700"
"2016/01/11","41.2800","6391076.0000","41.0800","41.4400","40.8600"
"2016/01/08","40.8000","8231034.0000","41.2600","41.3500","40.6500"
"2016/01/07","41.0700","9431140.0000","41.3300","41.5200","40.8800"
"2016/01/06","42.0500","9802666.0000","41.7600","42.4200","41.7500"
"2016/01/05","42.0900","7329298.0000","41.2900","42.1100","41.2600"
"2016/01/04","41.1600","9928682.0000","41.1600","41.2700","40.6700"
"2015/12/31","41.8300","4331672.0000","42.0900","42.1400","41.6700"
"2015/12/30","42.3100","3417999.0000","42.6900","42.7500","42.2550"
"2015/12/29","42.6400","4014896.0000","42.5900","42.6700","42.3300"
"2015/12/28","42.4500","3138716.0000","42.3000","42.6000","42.1500"
"2015/12/24","42.4600","1718663.0000","42.3100","42.6700","42.2700"
"2015/12/23","42.3100","4511124.0000","42.2800","42.4590","42.0300"
"2015/12/22","42.1000","5900546.0000","41.4800","42.1400","41.4100"
"2015/12/21","41.2100","7826889.0000","41.0600","41.2400","40.6400"
"2015/12/18","40.6400","12789210.0000","41.5600","41.7300","40.6400"
"2015/12/17","41.9400","5612031.0000","42.3700","42.3800","41.9300"
"2015/12/16","42.4300","9160021.0000","42.4800","42.5600","41.8500"
"2015/12/15","42.3100","10443890.0000","42.0900","42.5768","41.9200"
"2015/12/14","41.8600","7604915.0000","41.2300","41.8700","41.1100"
"2015/12/11","41.0800","15765490.0000","40.7200","41.4450","40.7200"
"2015/12/10","41.1300","12587130.0000","41.3600","41.6000","41.0600"
"2015/12/09","41.2500","7319577.0000","41.1100","41.6500","40.7100"
"2015/12/08","41.4100","10734490.0000","41.2800","41.6000","40.8000"
"2015/12/07","41.4300","11457570.0000","40.8800","41.6800","40.8400"
"2015/12/04","40.5500","9624588.0000","39.9000","40.5800","39.6800"
"2015/12/03","39.9100","15214210.0000","38.7200","40.3300","38.3595"
"2015/12/02","38.1100","10428140.0000","38.2400","38.3400","37.9000"
"2015/12/01","38.2000","10858160.0000","38.0100","38.3500","37.8550"
"2015/11/30","37.6600","10028220.0000","38.0500","38.2500","37.5100"
"2015/11/27","38.0100","4311990.0000","37.3700","38.1700","37.2400"
"2015/11/25","37.1700","5036251.0000","37.1200","37.4000","37.1100"
"2015/11/24","37.1200","8125114.0000","37.0200","37.3200","37.0200"
"2015/11/23","37.2500","4236908.0000","37.2900","37.3800","37.0250"
"2015/11/20","37.3100","6585208.0000","37.4500","37.7100","37.1500"
"2015/11/19","37.3200","4862416.0000","37.5500","37.7500","37.0700"
"2015/11/18","37.5400","7738354.0000","37.0200","37.5700","36.9500"
"2015/11/17","37.0200","7165111.0000","36.6800","37.1250","36.4200"
"2015/11/16","36.5400","15015810.0000","36.0500","36.5950","36.0201"
"2015/11/13","36.0500","8769507.0000","36.4500","36.6700","36.0000"
"2015/11/12","36.5100","23726410.0000","36.9900","37.2400","36.5000"
"2015/11/11","37.0300","7537656.0000","37.4300","37.5000","36.8200"
"2015/11/10","37.2700","4597366.0000","37.1500","37.4098","37.0300"
"2015/11/09","37.2000","6826523.0000","37.3500","37.5000","36.9300"
"2015/11/06","37.5700","9654927.0000","37.0500","37.5800","36.8700"
"2015/11/05","37.0700","7525004.0000","37.1900","37.2000","36.6900"
"2015/11/04","37.0100","6061790.0000","37.9300","37.9899","36.8800"
"2015/11/03","37.7600","4937386.0000","37.9600","38.1500","37.6700"
"2015/11/02","38.2000","6024098.0000","37.8000","38.2100","37.5500"
"2015/10/30","37.8000","6502716.0000","37.5500","37.9400","37.3700"
"2015/10/29","37.6500","5909271.0000","37.7000","37.8100","37.5300"
"2015/10/28","37.7000","10626700.0000","37.1700","37.7700","36.8100"
"2015/10/27","36.9900","8212790.0000","37.2400","37.3400","36.2000"
"2015/10/26","37.5500","5737505.0000","37.9000","37.9800","37.4850"
"2015/10/23","37.8200","9870258.0000","38.5000","38.5100","37.6800"
"2015/10/22","38.2900","13412460.0000","38.2600","38.5100","38.0900"
"2015/10/21","38.0800","7268544.0000","37.8500","38.1000","37.7000"
"2015/10/20","37.7200","9169477.0000","37.9300","37.9900","37.5800"
"2015/10/19","37.8300","5976479.0000","37.5000","38.0500","37.3500"
"2015/10/16","37.5100","6128950.0000","37.1700","37.5400","36.8899"
"2015/10/15","37.0700","12291280.0000","36.6400","37.0800","36.2950"
"2015/10/14","36.3300","14497500.0000","37.4800","37.5800","35.8550"
"2015/10/13","37.4400","6424952.0000","38.1600","38.3800","37.3400"
"2015/10/12","38.2000","5285662.0000","38.0200","38.4000","37.7900"
"2015/10/09","38.0300","5881581.0000","38.0400","38.3499","37.7400"
"2015/10/08","38.0000","7381310.0000","37.4900","38.0600","37.3400"
"2015/10/07","37.5100","3587715.0000","37.3500","37.8000","37.1200"
"2015/10/06","37.1300","5122488.0000","38.0300","38.0900","37.0400"
"2015/10/05","38.0700","6235597.0000","37.2200","38.1000","37.0000"
"2015/10/02","37.1400","5472757.0000","36.3500","37.1600","35.7800"
"2015/10/01","36.6800","7629244.0000","36.1200","36.7950","35.6910"
"2015/09/30","36.0700","7100704.0000","35.9800","36.2500","35.6400"
"2015/09/29","35.6100","6487802.0000","35.7500","36.1700","35.2900"
"2015/09/28","35.7500","6347494.0000","35.8800","35.9900","35.5600"
"2015/09/25","36.1100","4300467.0000","36.2200","36.7400","35.8700"
"2015/09/24","35.9600","6554330.0000","36.0400","36.3100","35.6901"
"2015/09/23","36.3800","5020496.0000","36.4700","36.5150","35.9500"
"2015/09/22","36.4100","6102590.0000","36.3700","36.4600","35.8500"
"2015/09/21","36.6600","6180673.0000","37.0600","37.1300","36.3700"
"2015/09/18","36.7300","10156820.0000","37.2600","37.6100","36.6000"
"2015/09/17","37.5000","4977133.0000","37.2500","37.9500","37.0550"
"2015/09/16","37.1800","5448777.0000","37.4000","37.4000","36.9500"
"2015/09/15","37.1600","8286028.0000","37.4300","37.4900","36.7400"
"2015/09/14","37.4200","8570543.0000","37.2700","37.7200","31.3100"
"2015/09/11","37.2900","18434130.0000","37.4100","37.7500","36.0900"
"2015/09/10","35.4000","13532950.0000","34.4300","35.6100","34.3100"
"2015/09/09","34.4000","7976981.0000","35.3500","35.3700","34.4000"
"2015/09/08","35.0500","8392859.0000","34.6600","35.0700","34.4700"
"2015/09/04","34.0700","5895027.0000","34.3000","34.3600","33.9100"
"2015/09/03","34.5700","5743035.0000","34.7500","35.0425","34.4100"
"2015/09/02","34.6500","7547408.0000","34.3100","34.9500","34.2033"
"2015/09/01","33.8500","8425886.0000","33.9800","34.0800","33.6300"
"2015/08/31","34.5000","7899973.0000","34.8700","35.0400","34.3300"
"2015/08/28","34.9400","7224154.0000","35.5000","35.5500","34.7000"
"2015/08/27","35.5300","9007635.0000","35.6300","36.0000","34.8300"
"2015/08/26","35.0800","10214190.0000","34.3900","35.1500","33.7800"
"2015/08/25","33.6600","8651998.0000","35.1900","35.1900","33.6600"
"2015/08/24","33.7700","14377320.0000","30.0000","34.8400","27.3200"
"2015/08/21","34.9300","12061890.0000","35.9300","36.2800","34.9100"
"2015/08/20","36.6800","8071075.0000","37.1700","37.7300","36.6400"
"2015/08/19","37.3600","8804272.0000","38.4300","38.4500","37.1500"
"2015/08/18","38.6000","4156500.0000","38.5300","38.7300","38.4400"
"2015/08/17","38.6500","4250705.0000","38.1900","38.6700","38.0300"
"2015/08/14","38.3500","4163255.0000","38.0200","38.3600","37.9700"
"2015/08/13","38.2100","6558256.0000","37.8400","38.2200","37.6821"
"2015/08/12","37.8000","9907849.0000","37.1200","39.4300","37.0900"
"2015/08/11","37.3900","6188266.0000","37.3900","37.8400","37.2100"
"2015/08/10","37.5400","8510632.0000","38.0800","38.2400","37.3900"
"2015/08/07","37.8200","9151648.0000","38.6200","38.6600","37.5100"
"2015/08/06","38.7200","6629656.0000","39.1100","39.1500","38.3800"
"2015/08/05","39.0800","7534767.0000","38.8000","39.1700","38.5100"
"2015/08/04","38.5600","8632722.0000","39.2500","39.2700","38.2500"
"2015/08/03","39.4000","4268068.0000","39.2300","39.4000","39.0200"
"2015/07/31","39.2400","4999658.0000","39.1100","39.2600","38.8500"
"2015/07/30","39.0000","4464621.0000","38.5500","39.0700","38.1900"
"2015/07/29","38.8000","4490444.0000","38.7800","39.0000","38.6500"
"2015/07/28","38.7200","4434495.0000","38.5100","38.8650","38.2800"
"2015/07/27","38.2000","5173859.0000","38.1700","38.4100","37.3900"
"2015/07/24","38.3600","4356658.0000","38.6500","38.9200","38.3300"
"2015/07/23","38.6700","4604832.0000","39.1300","39.2800","38.6200"
"2015/07/22","39.0100","4139265.0000","38.9500","39.3000","38.7600"
"2015/07/21","38.9600","5365372.0000","39.2100","39.3200","38.7500"
"2015/07/20","39.1700","5143238.0000","38.8400","39.3441","38.7200"
"2015/07/17","38.7200","4400147.0000","38.5900","38.7700","38.5000"
"2015/07/16","38.5900","4228065.0000","38.3500","38.6900","38.3200"
"2015/07/15","38.3300","5207047.0000","38.0800","38.6200","38.0800"
"2015/07/14","38.2000","4061723.0000","38.4100","38.5000","38.1200"
"2015/07/13","38.4750","5120184.0000","38.4800","38.6450","38.2287"
"2015/07/10","38.1700","4920230.0000","38.0000","38.4100","37.9800"
"2015/07/09","37.7850","7666322.0000","37.9750","38.1250","37.7550"
"2015/07/08","37.5750","7201136.0000","37.5350","37.8050","37.2750"
"2015/07/07","37.6950","9202176.0000","36.9500","37.8000","36.7500"
"2015/07/06","36.7850","5766596.0000","36.3950","36.9050","36.3800"
"2015/07/02","36.5550","3867792.0000","36.7150","36.8500","36.4300"
"2015/07/01","36.6150","6849508.0000","36.5450","36.7350","36.3200"
"2015/06/30","36.2550","7072574.0000","36.5150","36.6550","36.2450"
"2015/06/29","36.3350","6718830.0000","36.4850","36.7800","36.2305"
"2015/06/26","36.5550","17715768.0000","36.5950","36.9850","36.4700"
"2015/06/25","36.4750","10387764.0000","36.4950","37.1600","36.2300"
"2015/06/24","36.4700","6848738.0000","36.7700","36.8000","36.4400"
"2015/06/23","36.7250","7116980.0000","37.1600","37.1750","36.6400"
"2015/06/22","37.1450","5237662.0000","37.1450","37.3000","36.9575"
"2015/06/19","36.9750","8647608.0000","36.7500","37.2350","36.6800"
"2015/06/18","36.7700","17424820.0000","37.3850","37.5150","36.4850"
"2015/06/17","36.4550","10705294.0000","36.3000","36.5350","36.2050"
"2015/06/16","36.1750","6139800.0000","35.8350","36.2650","35.7200"
"2015/06/15","35.8700","6076152.0000","35.5450","36.0750","35.3950"
"2015/06/12","35.8250","3816662.0000","35.7250","35.9775","35.5500"
"2015/06/11","35.8900","4869912.0000","35.8700","36.2045","35.7000"
"2015/06/10","35.6450","5462032.0000","35.3700","35.6925","35.3550"
"2015/06/09","35.3500","5060824.0000","35.2850","35.6100","35.1200"
"2015/06/08","35.3450","4816508.0000","35.5950","35.6350","35.3250"
"2015/06/05","35.5050","6107954.0000","36.0250","36.0400","35.4700"
"2015/06/04","36.1000","4919488.0000","36.2100","36.3450","35.8950"
"2015/06/03","36.2950","4986638.0000","36.1850","36.3600","35.8960"
"2015/06/02","36.1500","4637966.0000","36.3450","36.4790","36.0300"
"2015/06/01","36.4950","5930248.0000","36.5950","36.6100","36.3200"
"2015/05/29","36.4000","6133376.0000","37.0500","37.0500","36.4000"
"2015/05/28","36.9700","8966470.0000","36.9950","37.0950","36.9150"
"2015/05/27","37.0950","6850162.0000","37.0100","37.3100","36.9000"
"2015/05/26","37.1150","5626926.0000","37.1650","37.2700","36.9850"
"2015/05/22","37.2100","7811118.0000","37.0750","37.2650","36.8750"
"2015/05/21","37.0250","6273866.0000","36.8500","37.1850","36.6700"
"2015/05/20","36.8800","6719252.0000","36.5350","36.9775","36.4004"
"2015/05/19","36.7350","5981338.0000","36.6300","36.8700","36.3950"
"2015/05/18","36.5450","6388074.0000","36.4150","36.7150","36.3650"
"2015/05/15","36.5500","7296810.0000","36.2850","36.5550","36.2300"
"2015/05/14","36.2200","8311424.0000","35.8550","36.2600","35.5100"
"2015/05/13","35.6150","7077190.0000","35.7250","35.8695","35.5423"
"2015/05/12","35.6700","7228008.0000","35.8200","35.9750","35.6000"
"2015/05/11","35.9200","9476986.0000","35.9500","36.3650","35.8550"
"2015/05/08","35.8950","12133548.0000","35.5150","36.1750","35.5000"
"2015/05/07","35.3250","11480192.0000","34.7250","35.3300","34.4650"
"2015/05/06","34.9000","11618820.0000","34.4200","34.9400","34.2450"
"2015/05/05","34.1050","8184264.0000","34.7800","34.8150","34.0475"
"2015/05/04","35.0050","5368820.0000","35.0350","35.2897","34.9000"
"2015/05/01","35.0650","10484012.0000","34.5250","35.2625","34.5250"
"2015/04/30","34.4550","13397848.0000","34.3600","34.8350","34.2350"
"2015/04/29","34.3950","14043450.0000","34.6150","34.6750","34.0800"
"2015/04/28","34.7100","11790876.0000","35.1450","35.3650","34.6950"
"2015/04/27","35.2750","8190066.0000","35.9300","36.1000","35.1950"
"2015/04/24","35.8500","7122476.0000","35.6950","35.9450","35.6650"
"2015/04/23","35.4650","9217048.0000","35.1700","35.6100","35.1700"
"2015/04/22","35.1950","14503966.0000","35.9650","36.0250","34.8000"
"2015/04/21","35.9150","9569066.0000","35.7050","36.1000","35.6750"
"2015/04/20","35.6400","11355254.0000","36.1700","36.2450","35.6166"
"2015/04/17","35.9200","11049314.0000","36.5000","36.5250","35.7925"
"2015/04/16","36.6850","10875238.0000","36.8500","37.0150","36.3600"
"2015/04/15","36.9550","10179038.0000","37.6550","37.7450","36.9400"
"2015/04/14","37.6100","7362964.0000","38.2650","38.3650","37.5400"
"2015/04/13","38.1650","5316084.0000","38.4850","38.7300","38.1500"
"2015/04/10","38.5350","3831686.0000","38.3150","38.6350","38.2050"
"2015/04/09","38.4050","4529422.0000","38.4600","38.6700","38.3450"
"2015/04/08","38.4500","4770824.0000","38.2450","38.4650","37.9900"
"2015/04/07","38.1800","4660264.0000","38.5650","38.6250","38.1750"
"2015/04/06","38.4850","5562880.0000","38.3550","38.7800","38.2250"
"2015/04/02","38.5650","4526738.0000","38.2800","38.7350","38.2800"
"2015/04/01","38.3850","7794234.0000","38.3650","38.4400","37.7500"
"2015/03/31","38.3300","4677368.0000","38.5100","38.7375","38.3250"
"2015/03/30","38.6200","4762224.0000","38.3100","38.7300","38.1250"
"2015/03/27","38.1650","4994674.0000","38.0200","38.3900","38.0050"
"2015/03/26","38.0450","6641638.0000","37.7500","38.3700","37.6250"
"2015/03/25","37.9600","7537154.0000","38.7750","38.7750","37.9250"
"2015/03/24","38.5850","6386680.0000","38.5000","38.7475","38.3750"
"2015/03/23","38.4700","5289364.0000","38.3250","38.8700","38.3250"
"2015/03/20","38.4150","10265438.0000","38.2200","38.5300","38.1750"
"2015/03/19","38.2000","6894364.0000","38.1150","38.2400","37.8700"
"2015/03/18","37.9000","10171496.0000","38.0100","38.0650","37.4050"
"2015/03/17","38.0000","7926046.0000","38.3600","38.4100","37.9500"
"2015/03/16","38.5250","9181356.0000","38.3750","38.8100","38.3700"
"2015/03/13","38.1750","7244216.0000","38.1500","38.3800","37.9200"
"2015/03/12","38.1450","12088070.0000","37.4900","38.2150","37.4900"
"2015/03/11","37.3550","8475548.0000","37.2350","37.3850","37.0200"
"2015/03/10","37.0000","8067020.0000","37.4200","37.4500","36.9850"
"2015/03/09","37.5350","9581944.0000","37.2500","37.6800","37.2050"
"2015/03/06","37.1750","14312638.0000","36.9250","37.3400","36.9000"
"2015/03/05","37.1550","28445680.0000","36.7500","37.4850","36.3000"
"2015/03/04","34.8250","11966384.0000","34.7400","34.8420","34.5400"
"2015/03/03","34.9900","13223540.0000","35.2750","35.3600","34.8050"
"2015/03/02","35.4700","12156688.0000","35.5100","35.7500","35.3500"
"2015/02/27","35.5750","13243998.0000","35.9950","36.0550","35.4450"
"2015/02/26","36.0450","8486692.0000","36.1500","36.1900","35.9725"
"2015/02/25","36.1750","12899516.0000","36.3950","36.7050","36.0400"
"2015/02/24","36.4600","6431146.0000","36.5900","36.6300","36.3350"
"2015/02/23","36.5700","6536714.0000","36.4150","36.6100","36.3975"
"2015/02/20","36.3950","6520174.0000","36.2900","36.4600","36.1900"
"2015/02/19","36.2200","7797920.0000","36.6550","36.6550","36.1400"
"2015/02/18","36.7150","4535808.0000","36.5450","36.8000","36.5150"
"2015/02/17","36.6250","6978850.0000","36.2800","36.7200","36.1800"
"2015/02/13","36.4300","5150658.0000","36.2250","36.4500","36.1550"
"2015/02/12","36.2250","5597012.0000","35.9900","36.2350","35.8650"
"2015/02/11","35.8550","6532324.0000","35.8200","35.9000","35.6400"
"2015/02/10","35.8450","6534834.0000","35.6300","35.8650","35.4200"
"2015/02/09","35.4250","10435040.0000","35.7750","35.8600","35.2500"
"2015/02/06","35.8550","7502564.0000","35.8250","35.9550","35.6450"
"2015/02/05","35.7750","6892442.0000","35.7750","35.8250","35.6750"
"2015/02/04","35.6750","11592230.0000","35.2750","35.8050","35.2100"
"2015/02/03","35.2500","10796154.0000","34.9800","35.3725","34.8550"
"2015/02/02","34.8400","9197416.0000","34.5050","34.8700","34.1650"
"2015/01/30","34.5250","14220030.0000","34.4400","34.7600","34.4350"
"2015/01/29","34.6700","7717142.0000","34.3700","34.6750","34.2099"
"2015/01/28","34.4400","10249176.0000","34.8800","35.0300","34.3250"
"2015/01/27","34.6700","6889590.0000","34.2100","34.7825","34.1775"
"2015/01/26","34.4600","6893348.0000","33.9700","34.4750","33.9551"
"2015/01/23","33.9800","3901064.0000","33.8850","34.2550","33.8800"
"2015/01/22","33.8500","6079956.0000","33.5650","33.8550","33.3750"
"2015/01/21","33.5000","6251334.0000","33.2150","33.5100","33.1300"
"2015/01/20","33.2000","12832094.0000","33.6150","33.6700","33.1100"
"2015/01/16","33.3700","10238134.0000","33.2700","33.4900","33.1950"
"2015/01/15","33.3050","9382118.0000","33.0800","33.4475","32.9050"
"2015/01/14","32.8750","7137006.0000","32.8350","32.9750","32.6850"
"2015/01/13","33.0000","6591704.0000","33.1450","33.3450","32.7300"
"2015/01/12","33.0000","11413224.0000","32.9450","33.1700","32.6500"
"2015/01/09","32.9200","7147050.0000","33.0900","33.1250","32.7995"
"2015/01/08","33.1000","11417366.0000","32.6750","33.1200","32.6300"
"2015/01/07","32.4950","10413552.0000","31.7800","32.5200","31.6000"
"2015/01/06","31.5400","10672408.0000","31.6400","31.7100","31.1900"
"2015/01/05","31.5400","6877830.0000","31.7150","31.8100","31.4350"
"2015/01/02","31.7650","7741488.0000","32.0550","32.3500","31.6150"
"2014/12/31","32.1050","4863186.0000","32.2550","32.4898","32.0650"
"2014/12/30","32.2550","3739996.0000","32.1800","32.4150","32.1750"
"2014/12/29","32.1950","3484380.0000","32.1300","32.3200","32.0000"
"2014/12/26","32.1450","1913936.0000","32.1450","32.2850","32.1200"
"2014/12/24","32.0250","1957462.0000","32.2150","32.2900","32.0250"
"2014/12/23","32.1400","4431764.0000","32.2500","32.3100","31.8750"
"2014/12/22","32.1100","6966108.0000","31.8450","32.3325","31.8450"
"2014/12/19","31.7750","10492868.0000","31.9800","32.0650","31.7000"
"2014/12/18","31.8200","6266520.0000","31.5450","31.8250","31.4000"
"2014/12/17","31.2300","7001614.0000","30.8800","31.2850","30.6900"
"2014/12/16","30.7500","7467220.0000","30.7500","31.3250","30.7350"
"2014/12/15","30.7650","8696414.0000","30.8250","31.1750","30.6750"
"2014/12/12","30.7750","9240250.0000","30.6950","31.1700","30.6000"
"2014/12/11","30.9450","5058990.0000","30.7000","31.0950","30.7000"
"2014/12/10","30.6800","10064254.0000","31.1950","31.1950","30.6600"
"2014/12/09","30.7450","5335034.0000","30.5000","30.7500","30.2400"
"2014/12/08","30.6800","5166082.0000","30.5000","30.9900","30.3900"
"2014/12/05","30.4900","6459520.0000","30.4900","30.6650","30.3650"
"2014/12/04","30.3800","12557476.0000","30.2700","30.5800","29.8051"
"2014/12/03","29.3300","9096688.0000","29.8250","29.8600","29.2700"
"2014/12/02","29.7450","7051322.0000","29.9800","30.0950","29.6175"
"2014/12/01","29.9100","7546876.0000","29.9050","30.1600","29.8350"
"2014/11/28","29.9200","4108182.0000","29.8050","30.1900","29.7800"
"2014/11/26","29.6100","4667798.0000","29.4050","29.6350","29.2900"
"2014/11/25","29.4100","10915464.0000","29.2900","29.6900","29.1150"
"2014/11/24","29.2550","5371146.0000","29.2750","29.3925","29.2200"
"2014/11/21","29.1850","4861052.0000","29.3950","29.4900","29.1350"
"2014/11/20","29.1100","4673230.0000","29.1600","29.4134","29.0250"
"2014/11/19","29.2450","4479026.0000","29.3750","29.3750","29.1800"
"2014/11/18","29.2600","8561320.0000","29.1450","29.3500","29.0500"
"2014/11/17","29.1450","4943574.0000","28.8650","29.1900","28.8500"
"2014/11/14","28.8550","4927422.0000","29.2000","29.2050","28.8100"
"2014/11/13","29.1950","4208188.0000","29.2500","29.3250","29.0050"
"2014/11/12","29.1900","4838480.0000","29.0450","29.2450","28.6350"
"2014/11/11","29.1400","4831486.0000","29.3700","29.4100","29.0200"
"2014/11/10","29.2800","3012180.0000","28.9200","29.2850","28.8750"
"2014/11/07","28.9000","4718972.0000","28.8000","29.0350","28.7300"
"2014/11/06","28.8800","4924370.0000","28.8850","29.0400","28.6901"
"2014/11/05","28.7550","5906192.0000","28.8950","29.0750","28.6000"
"2014/11/04","28.5400","7224994.0000","28.2500","28.5600","28.2240"
"2014/11/03","28.2200","5586106.0000","27.8650","28.2650","27.8500"
"2014/10/31","27.8550","6813110.0000","27.8100","28.0550","27.7600"
"2014/10/30","27.5300","4536498.0000","27.2400","27.5600","27.1500"
"2014/10/29","27.2750","5229410.0000","27.3350","27.5000","27.0850"
"2014/10/28","27.3150","6587534.0000","27.3450","27.3450","27.1832"
"2014/10/27","27.2850","4527530.0000","27.1100","27.3650","27.0850"
"2014/10/24","27.0950","4990172.0000","27.1700","27.2150","26.9705"
"2014/10/23","27.1450","4595182.0000","27.1650","27.4250","27.1000"
"2014/10/22","27.0450","6784718.0000","26.9600","27.4150","26.9600"
"2014/10/21","26.8450","5088504.0000","26.5700","26.9400","26.4600"
"2014/10/20","26.4250","5854778.0000","25.7950","26.4618","25.7680"
"2014/10/17","25.8250","10514020.0000","25.7800","25.8950","25.5050"
"2014/10/16","25.6100","12207050.0000","25.6500","25.9450","25.5200"
"2014/10/15","26.1700","15423808.0000","26.3200","26.4250","25.4200"
"2014/10/14","26.7000","8453308.0000","26.5850","26.7400","26.5300"
"2014/10/13","26.4550","11950332.0000","26.9750","27.0400","26.4200"
"2014/10/10","26.9600","10202734.0000","26.7500","27.1900","26.7300"
"2014/10/09","26.6300","9905962.0000","27.0000","27.1250","26.5550"
"2014/10/08","27.0350","9136818.0000","26.5550","27.0650","26.4400"
"2014/10/07","26.4750","8173140.0000","26.4700","26.5425","26.3000"
"2014/10/06","26.5100","7057658.0000","26.6300","26.8150","26.4450"
"2014/10/03","26.4400","7325650.0000","25.9150","26.4750","25.8950"
"2014/10/02","25.7500","3775178.0000","25.8800","25.9400","25.6350"
"2014/10/01","25.8000","5078542.0000","25.9600","25.9800","25.7700"
"2014/09/30","26.0000","6131676.0000","26.1650","26.2500","25.9050"
"2014/09/29","25.9850","3305166.0000","25.7500","26.0250","25.7250"
"2014/09/26","25.8650","3434958.0000","25.8750","25.9800","25.7260"
"2014/09/25","25.8450","6037394.0000","26.2750","26.3450","25.8400"
"2014/09/24","26.3900","5837180.0000","26.0900","26.4800","26.0250"
"2014/09/23","26.0150","5293002.0000","25.9600","26.1300","25.9150"
"2014/09/22","26.0150","4750954.0000","26.0850","26.1240","25.9700"
"2014/09/19","26.0750","10609178.0000","26.3550","26.3850","26.0400"
"2014/09/18","26.2450","4559568.0000","26.1950","26.2750","26.0850"
"2014/09/17","26.1500","4749920.0000","26.0900","26.2750","26.0401"
"2014/09/16","26.1100","6832380.0000","25.7250","26.2250","25.7100"
"2014/09/15","25.7750","6002892.0000","25.9200","25.9300","25.7100"
"2014/09/12","25.9150","11856982.0000","26.0850","26.0900","25.7250"
"2014/09/11","26.0850","13102284.0000","26.2950","26.3500","25.5900"
"2014/09/10","25.9350","6684432.0000","25.8750","26.0150","25.6950"
"2014/09/09","25.8700","4820700.0000","26.2850","26.2950","25.8400"
"2014/09/08","26.0850","5032862.0000","26.1650","26.3600","25.9675"
"2014/09/05","26.2050","4308960.0000","25.9150","26.2150","25.8800"
"2014/09/04","25.9250","4174796.0000","25.7950","26.1200","25.7800"
"2014/09/03","25.8000","4223396.0000","25.8100","25.8600","25.7250"
"2014/09/02","25.6650","4784238.0000","25.5150","25.8000","25.4850"
"2014/08/29","25.4900","4366940.0000","25.5550","25.5550","25.4000"
"2014/08/28","25.5000","3881070.0000","25.3750","25.5400","25.3465"
"2014/08/27","25.4300","3839670.0000","25.2150","25.4350","25.1290"
"2014/08/26","25.2400","4456860.0000","25.1450","25.3150","25.0650"
"2014/08/25","25.0650","3945332.0000","25.2800","25.3250","25.0100"
"2014/08/22","25.1500","3925526.0000","25.2250","25.3350","25.1000"
"2014/08/21","25.2250","3559326.0000","25.2650","25.3550","25.2100"
"2014/08/20","25.2650","3893036.0000","25.2150","25.2900","25.0100"
"2014/08/19","25.2000","6518654.0000","25.1100","25.2850","24.9900"
"2014/08/18","25.0950","5588688.0000","25.1700","25.2400","25.0300"
"2014/08/15","25.0850","5743138.0000","25.2750","25.3700","24.9650"
"2014/08/14","25.2750","3582040.0000","24.9200","25.2850","24.8300"
"2014/08/13","24.8700","5230612.0000","25.0150","25.0800","24.8550"
"2014/08/12","25.0550","4223948.0000","25.0850","25.1750","25.0000"
"2014/08/11","25.1250","4341130.0000","24.7950","25.2200","24.7925"
"2014/08/08","24.7050","2452328.0000","24.4850","24.7350","24.4250"
"2014/08/07","24.4850","2764420.0000","24.7650","24.7650","24.4150"
"2014/08/06","24.6100","4966566.0000","24.3450","24.7200","24.2900"
"2014/08/05","24.3550","4302486.0000","24.5250","24.7700","24.2950"
"2014/08/04","24.6800","3178554.0000","24.6600","24.7150","24.4975"
"2014/08/01","24.6250","4099768.0000","24.5000","24.7050","24.4400"
"2014/07/31","24.4900","4937846.0000","24.7700","24.7700","24.4800"
"2014/07/30","24.8650","7465874.0000","25.1800","25.2250","24.8500"
"2014/07/29","25.1300","5532150.0000","25.2200","25.2650","25.0800"
"2014/07/28","25.0650","4475780.0000","25.3750","25.4700","25.0600"
"2014/07/25","25.3550","3837804.0000","25.4500","25.5400","25.3100"
"2014/07/24","25.5000","5618378.0000","25.1600","25.7450","25.1200"
"2014/07/23","25.0850","4474980.0000","25.1200","25.1550","24.8905"
"2014/07/22","25.0850","7864432.0000","24.8100","25.1450","24.7800"
"2014/07/21","24.7400","3227544.0000","24.7400","24.8725","24.7100"
"2014/07/18","24.8000","4050848.0000","24.6350","24.8400","24.5900"
"2014/07/17","24.6400","4959572.0000","24.5000","24.7450","24.4400"
"2014/07/16","24.6750","4298002.0000","24.5650","24.6800","24.5150"
"2014/07/15","24.6650","6200860.0000","24.8100","24.8350","24.5300"
"2014/07/14","24.6300","5351700.0000","24.4850","24.6500","24.4450"
"2014/07/11","24.4100","5544220.0000","24.4950","24.5750","24.3900"
"2014/07/10","24.4850","4860482.0000","24.4550","24.6050","24.4050"
"2014/07/09","24.6450","6516186.0000","24.6300","24.7150","24.4700"
"2014/07/08","24.4850","6829286.0000","24.6900","24.7500","24.4050"
"2014/07/07","24.7350","3860392.0000","24.7500","24.8400","24.6100"
"2014/07/03","24.8300","4028894.0000","24.7850","24.9950","24.7300"
"2014/07/02","24.7150","5129352.0000","24.7150","24.8400","24.5800"
"2014/07/01","24.7650","5479618.0000","24.6000","24.9000","24.5550"
"2014/06/30","24.7150","6681396.0000","24.8550","24.9450","24.6700"
"2014/06/27","24.9600","8548444.0000","24.7400","24.9750","24.6050"
"2014/06/26","24.6950","6871530.0000","24.6250","24.8800","24.5100"
"2014/06/25","24.6100","6478328.0000","24.6100","24.7100","24.5100"
"2014/06/24","24.5850","5367972.0000","24.6450","24.7475","24.5450"
"2014/06/23","24.7000","5081016.0000","24.8000","24.8800","24.6600"
"2014/06/20","24.9200","15288668.0000","24.9550","25.1000","24.8025"
"2014/06/19","24.8300","15676316.0000","24.9750","25.1000","24.6550"
"2014/06/18","23.6350","6993980.0000","23.4350","23.6400","23.3850"
"2014/06/17","23.4450","6349220.0000","23.5750","23.7200","23.4200"
"2014/06/16","23.5400","5233924.0000","23.5650","23.6900","23.4850"
"2014/06/13","23.5750","3254136.0000","23.6650","23.7400","23.5250"
"2014/06/12","23.6200","6153784.0000","23.9200","23.9250","23.5300"
"2014/06/11","24.0050","6902656.0000","24.0250","24.1325","23.7425"
"2014/06/10","23.9550","5700216.0000","24.2050","24.2150","23.7850"
"2014/06/09","24.2300","4087604.0000","24.0650","24.2800","24.0600"
"2014/06/06","24.0650","5189720.0000","24.1100","24.2150","24.0300"
"2014/06/05","24.0900","4632502.0000","23.9950","24.1750","23.9050"
"2014/06/04","24.0200","2981550.0000","23.8800","24.0925","23.8200"
"2014/06/03","23.9250","6210730.0000","23.8050","23.9650","23.6800"
"2014/06/02","23.7550","4962582.0000","23.9000","23.9500","23.6200"
"2014/05/30","23.8700","5766876.0000","23.3400","23.8850","23.3400"
"2014/05/29","23.3500","8303884.0000","23.4400","23.5150","23.2500"
"2014/05/28","23.3450","3661082.0000","23.4800","23.5925","23.3450"
"2014/05/27","23.5000","3105884.0000","23.4700","23.5050","23.3750"
"2014/05/23","23.4250","3697084.0000","23.2100","23.4350","23.1325"
"2014/05/22","23.1550","8004640.0000","23.9250","23.9500","23.1400"
"2014/05/21","23.4950","6455918.0000","23.3450","23.5350","23.3150"
"2014/05/20","23.2700","5552744.0000","23.3650","23.4700","23.2200"
"2014/05/19","23.4050","5369130.0000","23.4550","23.5450","23.3300"
"2014/05/16","23.4950","10518022.0000","23.1800","23.5600","23.1800"
"2014/05/15","23.1450","7025904.0000","23.2350","23.3050","22.9850"
"2014/05/14","23.3350","5476022.0000","23.2200","23.4650","23.2100"
"2014/05/13","23.2950","5601944.0000","23.2500","23.3800","23.1500"
"2014/05/12","23.3450","6584914.0000","23.2750","23.3950","23.2150"
"2014/05/09","23.1800","5799166.0000","23.0500","23.2450","23.0500"
"2014/05/08","23.0250","9131128.0000","23.1400","23.4000","23.0000"
"2014/05/07","23.1750","10081742.0000","22.9950","23.2200","22.6550"
"2014/05/06","23.1950","7528538.0000","23.1700","23.2650","23.0625"
"2014/05/05","23.2250","6020140.0000","23.1800","23.3200","23.0950"
"2014/05/02","23.2550","10983462.0000","23.0700","23.3750","22.9850"
"2014/05/01","23.0850","6882424.0000","23.0550","23.1650","22.9400"
"2014/04/30","23.0200","6402552.0000","22.7450","23.0200","22.6675"
"2014/04/29","22.7750","5772888.0000","22.8350","22.9450","22.7650"
"2014/04/28","22.7700","6537828.0000","22.6350","22.8750","22.6050"
"2014/04/25","22.5750","6062946.0000","22.6050","22.6700","22.3603"
"2014/04/24","22.6750","6507958.0000","22.7150","22.8250","22.4275"
"2014/04/23","22.7250","6598956.0000","22.5650","22.8350","22.5300"
"2014/04/22","22.6000","7749614.0000","22.3500","22.7875","22.2550"
"2014/04/21","22.3550","4793100.0000","22.1250","22.4100","22.1200"
"2014/04/17","22.1400","6429942.0000","22.0700","22.2000","22.0350"
"2014/04/16","22.1600","7530072.0000","22.1350","22.2100","21.9800"
"2014/04/15","22.0100","7123788.0000","22.2650","22.3300","21.8950"
"2014/04/14","22.2900","6138812.0000","22.0850","22.3000","22.0450"
"2014/04/11","22.0000","8886200.0000","21.8500","22.0800","21.8450"
"2014/04/10","21.9350","8109090.0000","22.3400","22.4700","21.9350"
"2014/04/09","22.3600","8130000.0000","22.2700","22.4800","22.1950"
"2014/04/08","22.1550","8786154.0000","22.1050","22.2950","22.0700"
"2014/04/07","22.0700","8312364.0000","22.3400","22.5000","22.0550"
"2014/04/04","22.3400","9958378.0000","22.4400","22.6850","22.3225"
"2014/04/03","22.4800","8916314.0000","22.6650","22.7350","22.3850"
"2014/04/02","22.6300","14690304.0000","21.8700","22.6425","21.8400"
"2014/04/01","21.8100","8196384.0000","21.8650","22.0200","21.6650"
"2014/03/31","21.8250","6973532.0000","22.0650","22.0950","21.7500"
"2014/03/28","21.9750","8428976.0000","21.8300","22.0550","21.7150"
"2014/03/27","21.8150","7152662.0000","21.6400","21.8500","21.5100"
"2014/03/26","21.6350","5961886.0000","21.8800","21.9950","21.6350"
"2014/03/25","21.7550","5130808.0000","21.8800","21.9963","21.6600"
"2014/03/24","21.8050","5483368.0000","22.0850","22.1675","21.7538"
"2014/03/21","21.9850","11104154.0000","22.0500","22.2800","21.8650"
"2014/03/20","21.9950","3908402.0000","21.8200","22.0575","21.8055"
"2014/03/19","21.8450","5726888.0000","22.0250","22.1300","21.7050"
"2014/03/18","22.0000","5301876.0000","22.0400","22.0950","21.9800"
"2014/03/17","22.0100","5924472.0000","22.0200","22.0800","21.8100"
"2014/03/14","21.9550","6568214.0000","21.7300","22.0350","21.7300"
"2014/03/13","21.7450","12758640.0000","21.9450","22.2250","21.7175"
"2014/03/12","21.9350","8528224.0000","21.7050","21.9375","21.6250"
"2014/03/11","21.6700","12498446.0000","21.9500","22.0475","21.5950"
"2014/03/10","21.8750","11286172.0000","21.8500","21.9050","21.8000"
"2014/03/07","21.8900","17548312.0000","21.7450","22.1850","21.6900"
"2014/03/06","21.6850","25929820.0000","22.4100","22.6250","21.5500"
"2014/03/05","21.8400","20707020.0000","21.2200","21.8650","21.1400"
"2014/03/04","21.1950","14353708.0000","21.1250","21.4900","21.0350"
"2014/03/03","20.9950","14586994.0000","20.8400","21.1600","20.6000"
"2014/02/28","20.9700","16041158.0000","20.0950","20.9800","20.0700"
"2014/02/27","20.0700","3955144.0000","20.0150","20.1750","19.9800"
"2014/02/26","20.0150","8942380.0000","19.9050","20.1500","19.8250"
"2014/02/25","19.8250","6977622.0000","19.8600","19.9800","19.7325"
"2014/02/24","19.8900","8086406.0000","19.8100","20.0550","19.8000"
"2014/02/21","19.8000","9633874.0000","19.6150","19.8175","19.4700"
"2014/02/20","19.6400","11835034.0000","19.3850","19.7850","19.3650"
"2014/02/19","19.3850","11245290.0000","18.7750","19.4450","18.7050"
"2014/02/18","18.8000","5716202.0000","18.8150","18.8200","18.6200"
"2014/02/14","18.6900","5330960.0000","18.5250","18.7950","18.5050"
"2014/02/13","18.5450","4809502.0000","18.2800","18.5850","18.1850"
"2014/02/12","18.4650","5237884.0000","18.4800","18.5850","18.4000"
"2014/02/11","18.5450","10430728.0000","18.0450","18.5450","17.9900"
"2014/02/10","18.0950","5670820.0000","18.1150","18.2050","18.0550"
"2014/02/07","18.1400","8069824.0000","18.4150","18.4350","18.0800"
"2014/02/06","18.3800","10456750.0000","17.7800","18.4050","17.7650"
"2014/02/05","17.7250","6950502.0000","17.6350","17.8050","17.5650"
"2014/02/04","17.7350","7052628.0000","17.6650","17.7985","17.6150"
"2014/02/03","17.6900","10704414.0000","18.0500","18.0600","17.6200"
"2014/01/31","18.0500","11646972.0000","18.0250","18.1250","17.9000"
"2014/01/30","18.2100","6794288.0000","18.3650","18.3900","18.1850"
"2014/01/29","18.2650","15390058.0000","18.2400","18.3850","18.0350"
"2014/01/28","18.3250","12433082.0000","17.8700","18.4300","17.8550"
"2014/01/27","17.8900","9771780.0000","18.0050","18.0900","17.8600"
"2014/01/24","18.0400","8900402.0000","18.1100","18.2150","18.0250"
"2014/01/23","18.2000","9928926.0000","18.1500","18.2550","18.0100"
"2014/01/22","18.2150","6228600.0000","18.3150","18.3850","18.2050"
"2014/01/21","18.2950","9648672.0000","18.5300","18.5350","18.2100"
"2014/01/17","18.3950","13749504.0000","18.7300","18.7500","18.2800"
"2014/01/16","18.6750","15277318.0000","19.0300","19.6300","18.5800"
"2014/01/15","19.6300","7381486.0000","19.5500","19.8125","19.4500"
"2014/01/14","19.5000","6044786.0000","19.3050","19.5350","19.2900"
"2014/01/13","19.3050","7686900.0000","19.6950","19.7550","19.2700"
"2014/01/10","19.7300","5858636.0000","19.7450","19.8300","19.6200"
"2014/01/09","19.6800","7513648.0000","19.5300","19.7325","19.4850"
"2014/01/08","19.4750","6182736.0000","19.4650","19.6450","19.4050"
"2014/01/07","19.5000","5540502.0000","19.4350","19.6100","19.3350"
"2014/01/06","19.3800","8044102.0000","19.6200","19.6750","19.3650"
"2014/01/03","19.5500","5671380.0000","19.7000","19.7000","19.5250"
"2014/01/02","19.6400","6389202.0000","19.6300","19.7700","19.6050"
"2013/12/31","19.7650","4991984.0000","19.8650","19.8700","19.6350"
"2013/12/30","19.8250","3917794.0000","19.8000","19.9150","19.7700"
"2013/12/27","19.7700","4029854.0000","19.9100","19.9250","19.7500"
"2013/12/26","19.9250","2219762.0000","19.9400","20.0550","19.8500"
"2013/12/24","19.9450","1736892.0000","19.9100","19.9850","19.8350"
"2013/12/23","19.9450","4837944.0000","19.9725","20.1600","19.8800"
"2013/12/20","19.8500","11419920.0000","19.7800","19.8900","19.7450"
"2013/12/19","19.8350","6714556.0000","19.9700","20.2250","19.6500"
"2013/12/18","20.0400","9758342.0000","19.9650","20.0450","19.4300"
"2013/12/17","19.9150","6142216.0000","20.0350","20.0495","19.8100"
"2013/12/16","20.0300","7552530.0000","20.0000","20.1150","19.7700"
"2013/12/13","19.9600","7754544.0000","19.9800","20.0600","19.7400"
"2013/12/12","19.9950","8376068.0000","20.1250","20.1350","19.8750"
"2013/12/11","20.1800","6476056.0000","20.1950","20.3400","20.1250"
"2013/12/10","20.1750","5670956.0000","20.1500","20.2200","20.0100"
"2013/12/09","20.2100","7370648.0000","20.3150","20.3600","20.1000"
"2013/12/06","20.2200","11440876.0000","20.2450","20.4200","20.0300"
"2013/12/05","20.0300","22638500.0000","20.7750","20.8300","19.7800"
"2013/12/04","20.7600","9627458.0000","20.9600","21.1250","20.7600"
"2013/12/03","21.0500","7040388.0000","20.8850","21.0550","20.7600"
"2013/12/02","20.8950","6154512.0000","20.8650","21.0350","20.7650"
"2013/11/29","20.8750","2637944.0000","20.9500","21.0000","20.8200"
"2013/11/27","20.9400","5447462.0000","21.0500","21.0600","20.9350"
"2013/11/26","20.9750","7624746.0000","21.2100","21.2700","20.8800"
"2013/11/25","21.2800","5761274.0000","21.2600","21.3600","21.2300"
"2013/11/22","21.1950","5473138.0000","21.0000","21.2100","20.8675"
"2013/11/21","21.0000","6622344.0000","20.8450","21.0300","20.7600"
"2013/11/20","20.8250","6563094.0000","20.9500","20.9850","20.7400"
"2013/11/19","20.9250","8705316.0000","20.6850","21.0200","20.6800"
"2013/11/18","20.6850","10042730.0000","21.3000","21.3500","20.6250"
"2013/11/15","21.3000","5689022.0000","21.3300","21.3550","21.1800"
"2013/11/14","21.3400","5288720.0000","21.1000","21.3650","21.0950"
"2013/11/13","21.0650","5004578.0000","20.8200","21.0650","20.7740"
"2013/11/12","20.9550","6677736.0000","20.6750","20.9950","20.6050"
"2013/11/11","20.7650","8523966.0000","20.9800","21.0650","20.6800"
"2013/11/08","20.9800","9319970.0000","20.8800","20.9900","20.7050"
"2013/11/07","20.8250","9261462.0000","21.4050","21.4250","20.7750"
"2013/11/06","21.3800","5255562.0000","21.4700","21.5150","21.3000"
"2013/11/05","21.3250","5072128.0000","21.1900","21.3850","21.0900"
"2013/11/04","21.2550","4979150.0000","21.4400","21.5000","21.2250"
"2013/11/01","21.3500","4831898.0000","21.4200","21.5493","21.2900"
"2013/10/31","21.4200","8361504.0000","21.4600","21.6350","21.3300"
"2013/10/30","21.4450","4736574.0000","21.6500","21.6800","21.3300"
"2013/10/29","21.6500","5738442.0000","21.6100","21.7050","21.5550"
"2013/10/28","21.5800","8743232.0000","21.7800","21.9250","21.5525"
"2013/10/25","21.7100","5073850.0000","21.4600","21.7200","21.4550"
"2013/10/24","21.5050","4357558.0000","21.4400","21.5300","21.3900"
"2013/10/23","21.4600","5485506.0000","21.3200","21.6000","21.3100"
"2013/10/22","21.3550","6230500.0000","21.1650","21.4045","21.1500"
"2013/10/21","21.1250","3104768.0000","21.2150","21.2500","21.0400"
"2013/10/18","21.1900","4629110.0000","21.2150","21.2600","21.1400"
"2013/10/17","21.1050","5762156.0000","20.8900","21.1100","20.7425"
"2013/10/16","20.9350","5559886.0000","20.5100","20.9700","20.5100"
"2013/10/15","20.5050","8490722.0000","20.7300","20.8150","20.4950"
"2013/10/14","20.8100","5437048.0000","20.7450","20.8250","20.6050"
"2013/10/11","20.8550","6472574.0000","20.3950","20.8600","20.3600"
"2013/10/10","20.3450","6301304.0000","20.2100","20.3749","20.2000"
"2013/10/09","20.0750","7040338.0000","19.8900","20.2000","19.8800"
"2013/10/08","19.8750","6047748.0000","19.9500","20.1300","19.8600"
"2013/10/07","19.9500","4913418.0000","20.0950","20.1675","19.9375"
"2013/10/04","20.2800","4190488.0000","20.0150","20.3400","19.8800"
"2013/10/03","20.0450","4788958.0000","20.2850","20.2850","20.0200"
"2013/10/02","20.2900","5955482.0000","20.2150","20.2950","20.0650"
"2013/10/01","20.3250","5248608.0000","20.1750","20.3500","20.1750"
"2013/09/30","20.1700","5986312.0000","20.1850","20.3200","20.1225"
"2013/09/27","20.3450","5164714.0000","20.4000","20.4750","20.2200"
"2013/09/26","20.4800","5532008.0000","20.4700","20.7100","20.3900"
"2013/09/25","20.3350","7145426.0000","20.4900","20.5450","20.3050"
"2013/09/24","20.4250","8599604.0000","20.2600","20.5000","20.1550"
"2013/09/23","20.2400","6888378.0000","20.2750","20.3988","20.2050"
"2013/09/20","20.3800","8686622.0000","20.4800","20.5700","20.3600"
"2013/09/19","20.4950","8729676.0000","20.3000","20.5150","20.2500"
"2013/09/18","20.2800","10824894.0000","20.1550","20.3000","19.9750"
"2013/09/17","20.2750","17534820.0000","19.8950","20.3725","19.8950"
"2013/09/16","19.8400","9518220.0000","19.6850","19.9750","19.6850"
"2013/09/13","19.5150","9961054.0000","19.4200","19.6100","19.4100"
"2013/09/12","19.3100","13744472.0000","19.0150","19.5000","18.9050"
"2013/09/11","18.8350","12768170.0000","18.7950","18.9100","18.6350"
"2013/09/10","18.7700","11173952.0000","19.0000","19.1000","18.6500"
"2013/09/09","18.8450","4939392.0000","18.7350","18.8850","18.7200"
"2013/09/06","18.7000","7624480.0000","18.7300","18.8650","18.5600"
"2013/09/05","18.6750","5844104.0000","18.6500","18.6750","18.5000"
"2013/09/04","18.6700","10290056.0000","18.4500","18.8500","18.4213"
"2013/09/03","18.4100","5170510.0000","18.4850","18.5550","18.3550"
"2013/08/30","18.3000","4939814.0000","18.4400","18.4400","18.2300"
"2013/08/29","18.3900","4855906.0000","18.1650","18.4550","18.0950"
"2013/08/28","18.2000","8790454.0000","18.1600","18.2500","17.9550"
"2013/08/27","18.2000","7010118.0000","18.2900","18.3400","18.1800"
"2013/08/26","18.4300","6388718.0000","18.8050","18.8100","18.4250"
"2013/08/23","18.7650","6455980.0000","18.6050","18.7850","18.5500"
"2013/08/22","18.6100","8036086.0000","18.7800","18.8150","18.5800"
"2013/08/21","18.7350","6716912.0000","18.8450","18.8750","18.6950"
"2013/08/20","18.8900","5186706.0000","18.9400","19.0500","18.8850"
"2013/08/19","18.9700","6290310.0000","19.0800","19.1150","18.7700"
"2013/08/16","19.1250","7662668.0000","19.0350","19.2000","18.9850"
"2013/08/15","19.0050","8290660.0000","19.3000","19.3000","18.9350"
"2013/08/14","19.4100","4408454.0000","19.5050","19.5600","19.3800"
"2013/08/13","19.5700","5154218.0000","19.4400","19.6025","19.3400"
"2013/08/12","19.4800","5188510.0000","19.3700","19.4900","19.2650"
"2013/08/09","19.4400","7028534.0000","19.7300","19.7350","19.3300"
"2013/08/08","19.8000","5486214.0000","19.6200","19.8550","19.5250"
"2013/08/07","19.4950","6265966.0000","19.6200","19.6700","19.4850"
"2013/08/06","19.6450","6663486.0000","19.5600","19.6500","19.3350"
"2013/08/05","19.5800","5495156.0000","19.5900","19.7350","19.5200"
"2013/08/02","19.5900","9778080.0000","19.8000","19.8000","19.3550"
"2013/08/01","19.8250","4371540.0000","19.7500","19.8800","19.7050"
"2013/07/31","19.6350","10609952.0000","19.7700","19.8850","19.6000"
"2013/07/30","19.8000","7531320.0000","19.9500","19.9875","19.7850"
"2013/07/29","19.9250","4973216.0000","19.7700","19.9350","19.7050"
"2013/07/26","19.8250","7234682.0000","19.7500","19.8300","19.6250"
"2013/07/25","19.8400","8866476.0000","19.4850","19.8400","19.4500"
"2013/07/24","19.5650","8524056.0000","19.5300","19.5700","19.4025"
"2013/07/23","19.4650","6848210.0000","19.5400","19.6599","19.3775"
"2013/07/22","19.5250","6619216.0000","19.4700","19.5250","19.4000"
"2013/07/19","19.4050","8304706.0000","19.3650","19.4250","19.2600"
"2013/07/18","19.2450","9410084.0000","19.2450","19.5000","19.1966"
"2013/07/17","19.2200","6640098.0000","19.1050","19.2600","19.0200"
"2013/07/16","19.0650","9362304.0000","18.8900","19.0751","18.8000"
"2013/07/15","18.8800","7710896.0000","18.6400","19.0000","18.6250"
"2013/07/12","18.8150","8955380.0000","18.5350","18.8750","18.5350"
"2013/07/11","18.8950","8660012.0000","18.9450","19.1000","18.7450"
"2013/07/10","18.6700","7599386.0000","18.6450","18.8150","18.6450"
"2013/07/09","18.5750","14561244.0000","18.2750","18.6600","18.2750"
"2013/07/08","18.0950","5367612.0000","18.0600","18.1000","17.9500"
"2013/07/05","18.0350","5444638.0000","17.9400","18.0400","17.8200"
"2013/07/03","17.8000","3965944.0000","17.8900","17.9500","17.8000"
"2013/07/02","17.9600","15516628.0000","17.3450","18.1450","17.3450"
"2013/07/01","17.3350","5364320.0000","17.3450","17.4475","17.2950"
"2013/06/28","17.2700","7890812.0000","17.3000","17.4400","17.2500"
"2013/06/27","17.3550","6453408.0000","17.2600","17.4700","17.2400"
"2013/06/26","17.2400","7856028.0000","17.3800","17.4550","17.1750"
"2013/06/25","17.2550","9083292.0000","17.0900","17.3400","17.0600"
"2013/06/24","16.9950","9611490.0000","16.7600","17.1200","16.6176"
"2013/06/21","16.8850","11179442.0000","16.6550","16.9850","16.6100"
"2013/06/20","16.4900","16850230.0000","17.4050","17.4050","16.4150"
